{
  "0": {
    "precision": 1.0,
    "recall": 0.55,
    "f1-score": 0.7096774193548387,
    "support": 20.0
  },
  "1": {
    "precision": 1.0,
    "recall": 1.0,
    "f1-score": 1.0,
    "support": 20.0
  },
  "2": {
    "precision": 1.0,
    "recall": 0.7,
    "f1-score": 0.8235294117647058,
    "support": 20.0
  },
  "3": {
    "precision": 0.425531914893617,
    "recall": 1.0,
    "f1-score": 0.5970149253731344,
    "support": 20.0
  },
  "4": {
    "precision": 1.0,
    "recall": 0.4,
    "f1-score": 0.5714285714285715,
    "support": 20.0
  },
  "accuracy": 0.73,
  "macro avg": {
    "precision": 0.8851063829787235,
    "recall": 0.73,
    "f1-score": 0.7403300655842501,
    "support": 100.0
  },
  "weighted avg": {
    "precision": 0.8851063829787233,
    "recall": 0.73,
    "f1-score": 0.74033006558425,
    "support": 100.0
  }
}