{
  "loss": [
    2.103109359741211,
    1.9750525951385498,
    1.746093511581421,
    1.5904648303985596,
    1.4552257061004639,
    1.3292864561080933,
    1.1906834840774536,
    1.131528615951538,
    1.042006015777588,
    0.9164004325866699,
    0.8957772850990295,
    0.9152095913887024,
    0.8418481945991516,
    0.8288658857345581,
    0.796619713306427,
    0.8678557872772217,
    0.8701207041740417,
    0.923420786857605,
    0.8401604294776917,
    0.7700154781341553,
    0.7516557574272156,
    0.767869770526886,
    0.8270342350006104,
    0.7149447798728943,
    0.7490401864051819,
    0.7986390590667725,
    0.757006049156189,
    0.7125408053398132,
    0.7859293818473816,
    0.7368709444999695,
    0.8420284390449524,
    0.7122772932052612,
    0.7769443988800049,
    0.6625031232833862,
    0.6982780694961548,
    0.796960711479187,
    0.707894504070282,
    0.6968600749969482,
    0.6308185458183289,
    0.69931560754776,
    0.6604118943214417,
    0.6633906364440918,
    0.6495916843414307,
    0.7202824950218201,
    0.7832671999931335,
    0.6604241728782654,
    0.6323428750038147,
    0.8179945945739746,
    0.7300684452056885,
    0.6977656483650208,
    0.6926085948944092,
    0.7211161851882935,
    0.6771982908248901,
    0.7327754497528076,
    0.6947064995765686,
    0.6816309690475464,
    0.7385028004646301,
    0.7009857296943665,
    0.7750084400177002,
    0.8057470917701721,
    0.7357605695724487,
    0.6469550728797913,
    0.7210910320281982,
    0.6549338698387146
  ],
  "accuracy": [
    0.20600000023841858,
    0.23600000143051147,
    0.33399999141693115,
    0.35600000619888306,
    0.4480000138282776,
    0.5239999890327454,
    0.5640000104904175,
    0.6299999952316284,
    0.6800000071525574,
    0.7480000257492065,
    0.7480000257492065,
    0.7379999756813049,
    0.7760000228881836,
    0.7960000038146973,
    0.7960000038146973,
    0.8159999847412109,
    0.7760000228881836,
    0.777999997138977,
    0.8119999766349792,
    0.8159999847412109,
    0.8339999914169312,
    0.8320000171661377,
    0.8080000281333923,
    0.8500000238418579,
    0.8399999737739563,
    0.8100000023841858,
    0.8320000171661377,
    0.8560000061988831,
    0.8180000185966492,
    0.8360000252723694,
    0.7879999876022339,
    0.8460000157356262,
    0.828000009059906,
    0.8560000061988831,
    0.8579999804496765,
    0.8360000252723694,
    0.8799999952316284,
    0.8740000128746033,
    0.8740000128746033,
    0.8420000076293945,
    0.8859999775886536,
    0.8640000224113464,
    0.8700000047683716,
    0.8619999885559082,
    0.828000009059906,
    0.8799999952316284,
    0.8700000047683716,
    0.8259999752044678,
    0.8539999723434448,
    0.8479999899864197,
    0.8420000076293945,
    0.8759999871253967,
    0.8679999709129333,
    0.8420000076293945,
    0.8539999723434448,
    0.878000020980835,
    0.8579999804496765,
    0.8840000033378601,
    0.8339999914169312,
    0.843999981880188,
    0.8560000061988831,
    0.8619999885559082,
    0.8519999980926514,
    0.8740000128746033
  ],
  "val_loss": [
    1.6772412061691284,
    1.586918830871582,
    1.4584708213806152,
    1.3752009868621826,
    1.2595851421356201,
    1.1638990640640259,
    1.0904533863067627,
    1.0995618104934692,
    1.0028916597366333,
    1.0531967878341675,
    0.9799275994300842,
    0.9443246722221375,
    0.953083872795105,
    0.9061673879623413,
    0.943662703037262,
    0.8725733160972595,
    0.857737123966217,
    0.881074845790863,
    0.8500126600265503,
    0.8456753492355347,
    0.8300526142120361,
    0.862521231174469,
    0.861680805683136,
    0.8346517086029053,
    0.8186588883399963,
    0.8201989531517029,
    0.8405594825744629,
    0.8241145610809326,
    0.8068479895591736,
    0.7839310169219971,
    0.8009048700332642,
    0.8834695219993591,
    0.8499184250831604,
    0.8631383776664734,
    0.8475993275642395,
    0.8301295638084412,
    0.7993281483650208,
    0.771345853805542,
    0.7725617289543152,
    0.7985387444496155,
    0.8024070262908936,
    0.790219783782959,
    0.7837141156196594,
    0.7826099395751953,
    0.8132858872413635,
    0.8032373189926147,
    0.7949371933937073,
    0.791462242603302,
    0.7853571176528931,
    0.7865584492683411,
    0.7757390737533569,
    0.772308886051178,
    0.7807440161705017,
    0.7881870865821838,
    0.7879335284233093,
    0.7847422957420349,
    0.7803004384040833,
    0.779853105545044,
    0.778433620929718,
    0.7796453833580017,
    0.7810056805610657,
    0.7859945893287659,
    0.787945568561554,
    0.7856638431549072
  ],
  "val_accuracy": [
    0.23000000417232513,
    0.4099999964237213,
    0.5400000214576721,
    0.6200000047683716,
    0.5699999928474426,
    0.5799999833106995,
    0.5600000023841858,
    0.4699999988079071,
    0.6200000047683716,
    0.5199999809265137,
    0.5799999833106995,
    0.6100000143051147,
    0.5799999833106995,
    0.6200000047683716,
    0.6000000238418579,
    0.6100000143051147,
    0.6399999856948853,
    0.6200000047683716,
    0.6700000166893005,
    0.6800000071525574,
    0.6800000071525574,
    0.6499999761581421,
    0.6499999761581421,
    0.6800000071525574,
    0.6899999976158142,
    0.699999988079071,
    0.6800000071525574,
    0.6800000071525574,
    0.699999988079071,
    0.7099999785423279,
    0.6800000071525574,
    0.6399999856948853,
    0.6499999761581421,
    0.6600000262260437,
    0.6800000071525574,
    0.6800000071525574,
    0.699999988079071,
    0.7200000286102295,
    0.7300000190734863,
    0.699999988079071,
    0.6800000071525574,
    0.6899999976158142,
    0.699999988079071,
    0.6899999976158142,
    0.6800000071525574,
    0.6800000071525574,
    0.6899999976158142,
    0.699999988079071,
    0.7099999785423279,
    0.699999988079071,
    0.7099999785423279,
    0.7099999785423279,
    0.7099999785423279,
    0.6899999976158142,
    0.6899999976158142,
    0.6899999976158142,
    0.7099999785423279,
    0.699999988079071,
    0.7099999785423279,
    0.7099999785423279,
    0.699999988079071,
    0.6899999976158142,
    0.6899999976158142,
    0.6899999976158142
  ],