{
  "loss": [
    1.8707001209259033,
    1.6499186754226685,
    1.4960635900497437,
    1.3804055452346802,
    1.2938642501831055,
    1.126596212387085,
    1.0854911804199219,
    0.9310175180435181,
    0.9059023857116699,
    0.9087782502174377,
    0.8696356415748596,
    0.860382080078125,
    0.7283657789230347,
    0.7724218964576721,
    0.7286543846130371,
    0.6710842847824097,
    0.6980319023132324,
    0.6564719080924988,
    0.6269643902778625,
    0.657253623008728,
    0.7098748087882996,
    0.6556125283241272,
    0.6223238110542297,
    0.674811840057373,
    0.6863815188407898,
    0.5963252186775208,
    0.6690965294837952,
    0.6053754091262817,
    0.6293136477470398,
    0.6182500123977661,
    0.7492043375968933,
    0.6193898320198059,
    0.6685371994972229,
    0.5836018323898315,
    0.6388064622879028,
    0.6302759051322937,
    0.6930893659591675
  ],
  "accuracy": [
    0.20399999618530273,
    0.3440000116825104,
    0.39800000190734863,
    0.49399998784065247,
    0.5339999794960022,
    0.6359999775886536,
    0.6620000004768372,
    0.7160000205039978,
    0.7599999904632568,
    0.7559999823570251,
    0.7760000228881836,
    0.7879999876022339,
    0.843999981880188,
    0.843999981880188,
    0.8339999914169312,
    0.8820000290870667,
    0.8500000238418579,
    0.871999979019165,
    0.8859999775886536,
    0.8799999952316284,
    0.8679999709129333,
    0.8980000019073486,
    0.8960000276565552,
    0.8640000224113464,
    0.8920000195503235,
    0.906000018119812,
    0.8859999775886536,
    0.8859999775886536,
    0.8980000019073486,
    0.8899999856948853,
    0.871999979019165,
    0.8840000033378601,
    0.8700000047683716,
    0.9200000166893005,
    0.9020000100135803,
    0.8820000290870667,
    0.8880000114440918
  ],
  "val_loss": [
    1.618311882019043,
    1.5215332508087158,
    1.4430153369903564,
    1.3679838180541992,
    1.2710998058319092,
    1.2047832012176514,
    1.1117198467254639,
    1.043117642402649,
    0.9889990091323853,
    0.9179374575614929,
    0.902568519115448,
    0.8659752607345581,
    0.8722267150878906,
    0.8419584035873413,
    0.8841027617454529,
    0.8568430542945862,
    1.0001635551452637,
    0.9317711591720581,
    0.9006050825119019,
    0.9661412835121155,
    1.0096194744110107,
    0.8943377137184143,
    0.9365167021751404,
    0.9469618797302246,
    0.884144127368927,
    0.9172621369361877,
    0.889756977558136,
    0.8639801144599915,
    0.8852523565292358,
    0.894103467464447,
    0.9080027937889099,
    0.9341392517089844,
    0.9379100203514099,
    0.9117513298988342,
    0.9662142992019653,
    0.9789597392082214,
    0.9762583374977112
  ],
  "val_accuracy": [
    0.4300000071525574,
    0.3799999952316284,
    0.38999998569488525,
    0.44999998807907104,
    0.5099999904632568,
    0.6000000238418579,
    0.6200000047683716,
    0.6800000071525574,
    0.75,
    0.800000011920929,
    0.7799999713897705,
    0.8100000023841858,
    0.7900000214576721,
    0.8100000023841858,
    0.7799999713897705,
    0.800000011920929,
    0.75,
    0.7799999713897705,
    0.7799999713897705,
    0.7599999904632568,
    0.75,
    0.7900000214576721,
    0.7599999904632568,
    0.7599999904632568,
    0.7900000214576721,
    0.7699999809265137,
    0.800000011920929,
    0.800000011920929,
    0.7799999713897705,
    0.7799999713897705,
    0.7699999809265137,
    0.7599999904632568,
    0.7599999904632568,
    0.7599999904632568,
    0.7300000190734863,
    0.7300000190734863,
    0.7300000190734863
  ],
  "lr": [
    9.999999747378752e-05,
    9.999999747378752e-05,
    9.999999747378752e-05,
    9.999999747378752e-05,
    9.999999747378752e-05,
    9.999999747378752e-05,
    9.999999747378752e-05,
    9.999999747378752e-05,
    9.999999747378752e-05,
    9.999999747378752e-05,
    9.999999747378752e-05,
    9.999999747378752e-05,
    9.999999747378752e-05,
    9.999999747378752e-05,
    9.999999747378752e-05,
    9.999999747378752e-05,
    9.999999747378752e-05,
    9.999999747378752e-05,
    4.999999873689376e-05,
    4.999999873689376e-05,
    4.999999873689376e-05,
    4.999999873689376e-05,
    4.999999873689376e-05,
    4.999999873689376e-05,
    2.499999936844688e-05,
    2.499999936844688e-05,
    2.499999936844688e-05,
    2.499999936844688e-05,
    2.499999936844688e-05,
    2.499999936844688e-05,
    1.249999968422344e-05,
    1.249999968422344e-05,
    1.249999968422344e-05,
    1.249999968422344e-05,
    1.249999968422344e-05,
    1.249999968422344e-05,
    6.24999984211172e-06
  ]
}