{
  "0": {
    "precision": 0.7333333333333333,
    "recall": 0.55,
    "f1-score": 0.6285714285714286,
    "support": 20.0
  },
  "1": {
    "precision": 1.0,
    "recall": 1.0,
    "f1-score": 1.0,
    "support": 20.0
  },
  "2": {
    "precision": 1.0,
    "recall": 0.7,
    "f1-score": 0.8235294117647058,
    "support": 20.0
  },
  "3": {
    "precision": 0.4,
    "recall": 1.0,
    "f1-score": 0.5714285714285715,
    "support": 20.0
  },
  "4": {
    "precision": 0.0,
    "recall": 0.0,
    "f1-score": 0.0,
    "support": 20.0
  },
  "accuracy": 0.65,
  "macro avg": {
    "precision": 0.6266666666666667,
    "recall": 0.65,
    "f1-score": 0.6047058823529412,
    "support": 100.0
  },
  "weighted avg": {
    "precision": 0.6266666666666666,
    "recall": 0.65,
    "f1-score": 0.6047058823529412,
    "support": 100.0
  }
}