{
  "loss": [
    1.8753645420074463,
    1.6628018617630005,
    1.6072516441345215,
    1.456624150276184,
    1.3613147735595703,
    1.2433972358703613,
    1.1472598314285278,
    1.1009784936904907,
    1.0248225927352905,
    1.005341649055481,
    0.8508191108703613,
    0.9159204363822937,
    0.7786865830421448,
    0.9309006333351135,
    0.8185127377510071,
    0.8044883012771606,
    0.7167776823043823,
    0.7546766400337219,
    0.7177379131317139,
    0.6945371031761169,
    0.6802412867546082,
    0.7030780911445618,
    0.6285860538482666,
    0.7955858111381531,
    0.5915128588676453,
    0.5873967409133911,
    0.6080976128578186,
    0.5703287720680237,
    0.6537933945655823,
    0.5933208465576172,
    0.5224851369857788,
    0.5162602066993713,
    0.6420955657958984,
    0.5541665554046631,
    0.7832292318344116,
    0.5305718183517456,
    0.5801068544387817,
    0.5258988738059998,
    0.654561460018158,
    0.5706650614738464,
    0.5895978212356567,
    0.6535208225250244,
    0.6090916395187378,
    0.5795708894729614
  ],
  "accuracy": [
    0.2240000069141388,
    0.32600000500679016,
    0.35199999809265137,
    0.4320000112056732,
    0.5019999742507935,
    0.5659999847412109,
    0.6320000290870667,
    0.6600000262260437,
    0.6980000138282776,
    0.7419999837875366,
    0.8059999942779541,
    0.7900000214576721,
    0.8379999995231628,
    0.777999997138977,
    0.8040000200271606,
    0.8399999737739563,
    0.8579999804496765,
    0.8619999885559082,
    0.8519999980926514,
    0.8920000195503235,
    0.8840000033378601,
    0.8880000114440918,
    0.9120000004768372,
    0.8479999899864197,
    0.9120000004768372,
    0.9160000085830688,
    0.9179999828338623,
    0.9100000262260437,
    0.8700000047683716,
    0.9020000100135803,
    0.9380000233650208,
    0.9440000057220459,
    0.9179999828338623,
    0.9399999976158142,
    0.8759999871253967,
    0.9200000166893005,
    0.9340000152587891,
    0.9259999990463257,
    0.906000018119812,
    0.9100000262260437,
    0.9039999842643738,
    0.8999999761581421,
    0.9139999747276306,
    0.9259999990463257
  ],
  "val_loss": [
    1.6494425535202026,
    1.558456301689148,
    1.5030853748321533,
    1.3811954259872437,
    1.3435593843460083,
    1.3169445991516113,
    1.3592029809951782,
    1.3342584371566772,
    1.4230058193206787,
    1.4999067783355713,
    1.4296705722808838,
    1.4262422323226929,
    1.4352831840515137,
    1.5255604982376099,
    1.413743019104004,
    1.2824616432189941,
    1.3923267126083374,
    1.2913626432418823,
    1.1923937797546387,
    1.3376721143722534,
    1.4184402227401733,
    1.4020389318466187,
    1.2808902263641357,
    1.3156485557556152,
    1.317415475845337,
    1.4631837606430054,
    1.3733018636703491,
    1.3837594985961914,
    1.3457648754119873,
    1.457352638244629,
    1.3893851041793823,
    1.3391369581222534,
    1.4297391176223755,
    1.4189250469207764,
    1.479392647743225,
    1.3868681192398071,
    1.3852348327636719,
    1.3673206567764282,
    1.3485087156295776,
    1.3779019117355347,
    1.3686630725860596,
    1.353663444519043,
    1.3598464727401733,
    1.3667092323303223
  ],
  "val_accuracy": [
    0.30000001192092896,
    0.4300000071525574,
    0.41999998688697815,
    0.46000000834465027,
    0.49000000953674316,
    0.47999998927116394,
    0.5,
    0.5199999809265137,
    0.5099999904632568,
    0.5,
    0.5400000214576721,
    0.5400000214576721,
    0.550000011920929,
    0.5299999713897705,
    0.5600000023841858,
    0.6200000047683716,
    0.5899999737739563,
    0.5799999833106995,
    0.6499999761581421,
    0.5600000023841858,
    0.5699999928474426,
    0.6100000143051147,
    0.6000000238418579,
    0.5899999737739563,
    0.6499999761581421,
    0.5899999737739563,
    0.6200000047683716,
    0.6200000047683716,
    0.6299999952316284,
    0.5799999833106995,
    0.6299999952316284,
    0.6299999952316284,
    0.6299999952316284,
    0.6299999952316284,
    0.6000000238418579,
    0.6299999952316284,
    0.6399999856948853,
    0.6399999856948853,
    0.6399999856948853,
    0.6399999856948853,
    0.6399999856948853,
    0.6499999761581421,
    0.6399999856948853,
    0.6399999856948853
  ],
  "lr": [
    9.999999747378752e-05,
    9.999999747378752e-05,
    9.999999747378752e-05,
    9.999999747378752e-05,
    9.999999747378752e-05,
    9.999999747378752e-05,
    9.999999747378752e-05,
    9.999999747378752e-05,
    9.999999747378752e-05,
    9.999999747378752e-05,
    9.999999747378752e-05,
    9.999999747378752e-05,
    9.999999747378752e-05,
    9.999999747378752e-05,
    9.999999747378752e-05,
    9.999999747378752e-05,
    9.999999747378752e-05,
    9.999999747378752e-05,
    9.999999747378752e-05,
    9.999999747378752e-05,
    9.999999747378752e-05,
    9.999999747378752e-05,
    9.999999747378752e-05,
    9.999999747378752e-05,
    9.999999747378752e-05,
    4.999999873689376e-05,
    4.999999873689376e-05,
    4.999999873689376e-05,
    4.999999873689376e-05,
    4.999999873689376e-05,
    4.999999873689376e-05,
    2.499999936844688e-05,
    2.499999936844688e-05,
    2.499999936844688e-05,
    2.499999936844688e-05,
    2.499999936844688e-05,
    2.499999936844688e-05,
    1.249999968422344e-05,
    1.249999968422344e-05,
    1.249999968422344e-05,
    1.249999968422344e-05,
    1.249999968422344e-05,
    1.249999968422344e-05,
    6.24999984211172e-06
  ]
}