{
  "loss": [
    1.8514889478683472,
    1.6808854341506958,
    1.5029605627059937,
    1.4121272563934326,
    1.2894834280014038,
    1.2052628993988037,
    1.129106044769287,
    1.0944987535476685,
    0.9972981810569763,
    1.0018491744995117,
    0.9900071024894714,
    0.8664738535881042,
    0.8205296993255615,
    0.8063417077064514,
    0.7363501191139221,
    0.7827933430671692,
    0.8465717434883118,
    0.7628490924835205,
    0.7283107042312622,
    0.7937262058258057,
    0.6787779331207275,
    0.7804867625236511,
    0.7655937075614929,
    0.8671137690544128,
    0.6007121801376343,
    0.7268280982971191,
    0.7179662585258484,
    0.8089914321899414,
    0.6449617147445679,
    0.6539145708084106,
    0.7003255486488342,
    0.6870914101600647,
    0.7994434237480164,
    0.7247792482376099,
    0.8497526049613953,
    0.6858890652656555,
    0.6981415152549744,
    0.726954460144043,
    0.6629204750061035,
    0.6939101219177246,
    0.7079456448554993,
    0.7217078804969788,
    0.7888661623001099,
    0.6575334072113037
  ],
  "accuracy": [
    0.25600001215934753,
    0.28999999165534973,
    0.421999990940094,
    0.4300000071525574,
    0.5619999766349792,
    0.6259999871253967,
    0.628000020980835,
    0.6320000290870667,
    0.7120000123977661,
    0.7459999918937683,
    0.7080000042915344,
    0.7739999890327454,
    0.800000011920929,
    0.8019999861717224,
    0.8420000076293945,
    0.8080000281333923,
    0.8059999942779541,
    0.8320000171661377,
    0.878000020980835,
    0.828000009059906,
    0.8759999871253967,
    0.8119999766349792,
    0.8299999833106995,
    0.8059999942779541,
    0.9100000262260437,
    0.8379999995231628,
    0.8420000076293945,
    0.843999981880188,
    0.8740000128746033,
    0.8700000047683716,
    0.8579999804496765,
    0.8700000047683716,
    0.8399999737739563,
    0.8500000238418579,
    0.8119999766349792,
    0.8840000033378601,
    0.8960000276565552,
    0.8600000143051147,
    0.8939999938011169,
    0.8640000224113464,
    0.8539999723434448,
    0.8579999804496765,
    0.8199999928474426,
    0.8899999856948853
  ],
  "val_loss": [
    1.6154990196228027,
    1.4963020086288452,
    1.3301430940628052,
    1.2613143920898438,
    1.1316736936569214,
    1.0621269941329956,
    1.0285779237747192,
    0.9362040162086487,
    0.8877317905426025,
    0.896919846534729,
    0.9374086260795593,
    0.8734400868415833,
    0.9134930372238159,
    0.8898265957832336,
    0.9059932231903076,
    0.8683675527572632,
    0.8402168154716492,
    0.8816830515861511,
    0.8247762322425842,
    0.9120434522628784,
    0.98346346616745,
    0.911785364151001,
    0.9937825798988342,
    0.8234939575195312,
    0.8606187701225281,
    0.8871431946754456,
    0.9160587787628174,
    0.864841103553772,
    0.8786194324493408,
    0.8957939147949219,
    0.8751989006996155,
    0.9000523090362549,
    0.9185946583747864,
    0.9309638738632202,
    0.931617796421051,
    0.9019052982330322,
    0.8961914777755737,
    0.8997083306312561,
    0.9016276001930237,
    0.9072828888893127,
    0.9003114104270935,
    0.9052030444145203,
    0.9036759734153748,
    0.9061549305915833
  ],
  "val_accuracy": [
    0.27000001072883606,
    0.3799999952316284,
    0.5400000214576721,
    0.5799999833106995,
    0.6899999976158142,
    0.699999988079071,
    0.6600000262260437,
    0.7599999904632568,
    0.7699999809265137,
    0.7300000190734863,
    0.7300000190734863,
    0.75,
    0.7400000095367432,
    0.7300000190734863,
    0.7300000190734863,
    0.7599999904632568,
    0.7599999904632568,
    0.7599999904632568,
    0.7900000214576721,
    0.699999988079071,
    0.6899999976158142,
    0.7200000286102295,
    0.6800000071525574,
    0.7900000214576721,
    0.7900000214576721,
    0.7300000190734863,
    0.7099999785423279,
    0.7599999904632568,
    0.75,
    0.7400000095367432,
    0.7599999904632568,
    0.7400000095367432,
    0.7200000286102295,
    0.699999988079071,
    0.7099999785423279,
    0.7300000190734863,
    0.7300000190734863,
    0.7300000190734863,
    0.7300000190734863,
    0.7200000286102295,
    0.7300000190734863,
    0.7300000190734863,
    0.7300000190734863,
    0.7200000286102295
  ],
  "lr": [
    9.999999747378752e-05,
    9.999999747378752e-05,
    9.999999747378752e-05,
    9.999999747378752e-05,
    9.999999747378752e-05,
    9.999999747378752e-05,
    9.999999747378752e-05,
    9.999999747378752e-05,
    9.999999747378752e-05,
    9.999999747378752e-05,
    9.999999747378752e-05,
    9.999999747378752e-05,
    9.999999747378752e-05,
    9.999999747378752e-05,
    9.999999747378752e-05,
    4.999999873689376e-05,
    4.999999873689376e-05,
    4.999999873689376e-05,
    4.999999873689376e-05,
    4.999999873689376e-05,
    4.999999873689376e-05,
    4.999999873689376e-05,
    4.999999873689376e-05,
    4.999999873689376e-05,
    4.999999873689376e-05,
    2.499999936844688e-05,
    2.499999936844688e-05,
    2.499999936844688e-05,
    2.499999936844688e-05,
    2.499999936844688e-05,
    2.499999936844688e-05,
    1.249999968422344e-05,
    1.249999968422344e-05,
    1.249999968422344e-05,
    1.249999968422344e-05,
    1.249999968422344e-05,
    1.249999968422344e-05,
    6.24999984211172e-06,
    6.24999984211172e-06,
    6.24999984211172e-06,
    6.24999984211172e-06,
    6.24999984211172e-06,
    6.24999984211172e-06,
    3.12499992105586e-06
  ]
}