{
  "0": {
    "precision": 0.40425531914893614,
    "recall": 0.95,
    "f1-score": 0.5671641791044776,
    "support": 20.0
  },
  "1": {
    "precision": 1.0,
    "recall": 1.0,
    "f1-score": 1.0,
    "support": 20.0
  },
  "2": {
    "precision": 0.8181818181818182,
    "recall": 0.45,
    "f1-score": 0.5806451612903226,
    "support": 20.0
  },
  "3": {
    "precision": 0.5,
    "recall": 0.15,
    "f1-score": 0.23076923076923075,
    "support": 20.0
  },
  "4": {
    "precision": 1.0,
    "recall": 0.8,
    "f1-score": 0.888888888888889,
    "support": 20.0
  },
  "accuracy": 0.67,
  "macro avg": {
    "precision": 0.7444874274661509,
    "recall": 0.6699999999999999,
    "f1-score": 0.6534934920105839,
    "support": 100.0
  },
  "weighted avg": {
    "precision": 0.7444874274661508,
    "recall": 0.67,
    "f1-score": 0.653493492010584,
    "support": 100.0
  }
}