{
  "loss": [
    1.8568546772003174,
    1.720656394958496,
    1.5814461708068848,
    1.4563419818878174,
    1.3902591466903687,
    1.2286218404769897,
    1.0534675121307373,
    1.0585103034973145,
    0.9246346950531006,
    0.8370689749717712,
    0.9529187083244324,
    0.8067490458488464,
    0.7924086451530457,
    0.7269182205200195,
    0.7285981178283691,
    0.7400568127632141,
    0.7620686888694763,
    0.7209702134132385,
    0.7585795521736145,
    0.662950873374939,
    0.7519820332527161,
    0.7003453373908997,
    0.6794002056121826,
    0.6368810534477234,
    0.6725749373435974,
    0.7532157301902771,
    0.627135157585144,
    0.6320837140083313,
    0.6074190139770508,
    0.6432949900627136,
    0.6434908509254456,
    0.5280662775039673,
    0.6587449908256531,
    0.5356715321540833,
    0.6123321056365967,
    0.6656278371810913,
    0.6257440447807312,
    0.5607923865318298,
    0.6665276885032654,
    0.5756003260612488,
    0.48884233832359314,
    0.5407847762107849,
    0.4885087311267853,
    0.5123059749603271,
    0.5907167792320251,
    0.6093989014625549,
    0.5639118552207947,
    0.6912769079208374
  ],
  "accuracy": [
    0.20399999618530273,
    0.27399998903274536,
    0.35600000619888306,
    0.4560000002384186,
    0.5080000162124634,
    0.6060000061988831,
    0.7039999961853027,
    0.7039999961853027,
    0.7239999771118164,
    0.8040000200271606,
    0.7599999904632568,
    0.7879999876022339,
    0.8100000023841858,
    0.8619999885559082,
    0.8579999804496765,
    0.8220000267028809,
    0.8199999928474426,
    0.8560000061988831,
    0.8579999804496765,
    0.8640000224113464,
    0.828000009059906,
    0.8759999871253967,
    0.878000020980835,
    0.8920000195503235,
    0.8880000114440918,
    0.8560000061988831,
    0.906000018119812,
    0.8880000114440918,
    0.8999999761581421,
    0.878000020980835,
    0.9020000100135803,
    0.9399999976158142,
    0.8920000195503235,
    0.9300000071525574,
    0.9039999842643738,
    0.8999999761581421,
    0.8999999761581421,
    0.9399999976158142,
    0.8899999856948853,
    0.9279999732971191,
    0.9340000152587891,
    0.9380000233650208,
    0.9480000138282776,
    0.9480000138282776,
    0.921999990940094,
    0.9160000085830688,
    0.9300000071525574,
    0.8960000276565552
  ],
  "val_loss": [
    1.7954238653182983,
    1.7551169395446777,
    1.6924573183059692,
    1.6234774589538574,
    1.4581776857376099,
    1.3501596450805664,
    1.306435227394104,
    1.295038104057312,
    1.1848304271697998,
    1.293303370475769,
    1.215233325958252,
    1.1588895320892334,
    1.1473313570022583,
    1.179107427597046,
    1.0688596963882446,
    1.1407822370529175,
    1.2532976865768433,
    1.0197882652282715,
    1.353275179862976,
    1.2651112079620361,
    1.1637825965881348,
    1.062974452972412,
    0.9497663974761963,
    1.1761012077331543,
    1.0809648036956787,
    1.1469234228134155,
    1.0828059911727905,
    0.960629403591156,
    1.0590732097625732,
    1.1232627630233765,
    1.1542381048202515,
    1.244278907775879,
    1.2774956226348877,
    1.1881107091903687,
    1.1474441289901733,
    1.2503175735473633,
    1.1685882806777954,
    1.2584714889526367,
    1.293893575668335,
    1.268586277961731,
    1.2357772588729858,
    1.2853376865386963,
    1.2543554306030273,
    1.2663898468017578,
    1.2735018730163574,
    1.3196171522140503,
    1.3199278116226196,
    1.297006368637085
  ],
  "val_accuracy": [
    0.09000000357627869,
    0.25,
    0.30000001192092896,
    0.3100000023841858,
    0.41999998688697815,
    0.44999998807907104,
    0.5099999904632568,
    0.47999998927116394,
    0.5799999833106995,
    0.5199999809265137,
    0.5699999928474426,
    0.6100000143051147,
    0.6000000238418579,
    0.6100000143051147,
    0.6299999952316284,
    0.6200000047683716,
    0.6100000143051147,
    0.6600000262260437,
    0.5699999928474426,
    0.6100000143051147,
    0.6100000143051147,
    0.6600000262260437,
    0.6700000166893005,
    0.6200000047683716,
    0.6399999856948853,
    0.6200000047683716,
    0.6600000262260437,
    0.6600000262260437,
    0.6700000166893005,
    0.6399999856948853,
    0.6399999856948853,
    0.6200000047683716,
    0.6299999952316284,
    0.6600000262260437,
    0.6299999952316284,
    0.6299999952316284,
    0.6399999856948853,
    0.6399999856948853,
    0.6499999761581421,
    0.6499999761581421,
    0.6700000166893005,
    0.6700000166893005,
    0.6700000166893005,
    0.6499999761581421,
    0.6499999761581421,
    0.6600000262260437,
    0.6499999761581421,
    0.6499999761581421
  ],
  "lr": [
    9.999999747378752e-05,
    9.999999747378752e-05,
    9.999999747378752e-05,
    9.999999747378752e-05,
    9.999999747378752e-05,
    9.999999747378752e-05,
    9.999999747378752e-05,
    9.999999747378752e-05,
    9.999999747378752e-05,
    9.999999747378752e-05,
    9.999999747378752e-05,
    9.999999747378752e-05,
    9.999999747378752e-05,
    9.999999747378752e-05,
    9.999999747378752e-05,
    9.999999747378752e-05,
    9.999999747378752e-05,
    9.999999747378752e-05,
    9.999999747378752e-05,
    9.999999747378752e-05,
    9.999999747378752e-05,
    9.999999747378752e-05,
    9.999999747378752e-05,
    9.999999747378752e-05,
    9.999999747378752e-05,
    9.999999747378752e-05,
    9.999999747378752e-05,
    9.999999747378752e-05,
    9.999999747378752e-05,
    4.999999873689376e-05,
    4.999999873689376e-05,
    4.999999873689376e-05,
    4.999999873689376e-05,
    4.999999873689376e-05,
    4.999999873689376e-05,
    2.499999936844688e-05,
    2.499999936844688e-05,
    2.499999936844688e-05,
    2.499999936844688e-05,
    2.499999936844688e-05,
    2.499999936844688e-05,
    1.249999968422344e-05,
    1.249999968422344e-05,
    1.249999968422344e-05,
    1.249999968422344e-05,
    1.249999968422344e-05,
    1.249999968422344e-05,
    6.24999984211172e-06
  ]
}