{
  "0": {
    "precision": 0.8181818181818182,
    "recall": 0.45,
    "f1-score": 0.5806451612903226,
    "support": 20.0
  },
  "1": {
    "precision": 0.9444444444444444,
    "recall": 0.85,
    "f1-score": 0.8947368421052632,
    "support": 20.0
  },
  "2": {
    "precision": 0.5555555555555556,
    "recall": 1.0,
    "f1-score": 0.7142857142857143,
    "support": 20.0
  },
  "3": {
    "precision": 1.0,
    "recall": 0.3,
    "f1-score": 0.4615384615384615,
    "support": 20.0
  },
  "4": {
    "precision": 0.6896551724137931,
    "recall": 1.0,
    "f1-score": 0.8163265306122449,
    "support": 20.0
  },
  "accuracy": 0.72,
  "macro avg": {
    "precision": 0.8015673981191224,
    "recall": 0.72,
    "f1-score": 0.6935065419664014,
    "support": 100.0
  },
  "weighted avg": {
    "precision": 0.8015673981191221,
    "recall": 0.72,
    "f1-score": 0.6935065419664013,
    "support": 100.0
  }
}