{
  "loss": [
    1.4238073825836182,
    1.1765611171722412,
    0.9964666366577148,
    0.8594433665275574,
    0.7309701442718506,
    0.5762258172035217,
    0.5094437003135681,
    0.47473663091659546,
    0.44549939036369324,
    0.43531474471092224,
    0.3927168548107147,
    0.3794420659542084,
    0.3512788414955139,
    0.34159573912620544,
    0.3131617307662964,
    0.34363728761672974,
    0.33909088373184204,
    0.30112510919570923,
    0.3447211682796478,
    0.3321043848991394,
    0.31557223200798035,
    0.27015385031700134,
    0.2353043556213379,
    0.3017722964286804,
    0.2916721999645233,
    0.2799862027168274,
    0.2827341556549072,
    0.2949550747871399,
    0.30745336413383484,
    0.23651011288166046,
    0.2039204090833664,
    0.2449088990688324,
    0.23202502727508545,
    0.261488676071167,
    0.22051440179347992,
    0.20185768604278564,
    0.23540540039539337,
    0.26571011543273926,
    0.21844133734703064,
    0.24219562113285065,
    0.24779745936393738,
    0.24762848019599915,
    0.22313466668128967,
    0.20728753507137299,
    0.23883558809757233,
    0.30980825424194336,
    0.20694059133529663,
    0.2434104084968567,
    0.26039156317710876,
    0.23564723134040833
  ],
  "accuracy": [
    0.22200000286102295,
    0.33799999952316284,
    0.46399998664855957,
    0.4880000054836273,
    0.5979999899864197,
    0.6859999895095825,
    0.7400000095367432,
    0.7699999809265137,
    0.7860000133514404,
    0.7940000295639038,
    0.8119999766349792,
    0.8240000009536743,
    0.828000009059906,
    0.8379999995231628,
    0.8579999804496765,
    0.8299999833106995,
    0.8479999899864197,
    0.8640000224113464,
    0.8579999804496765,
    0.8600000143051147,
    0.871999979019165,
    0.8880000114440918,
    0.9139999747276306,
    0.8539999723434448,
    0.8700000047683716,
    0.8899999856948853,
    0.8920000195503235,
    0.871999979019165,
    0.8500000238418579,
    0.9259999990463257,
    0.9319999814033508,
    0.906000018119812,
    0.9200000166893005,
    0.9020000100135803,
    0.9279999732971191,
    0.9300000071525574,
    0.9200000166893005,
    0.8999999761581421,
    0.9200000166893005,
    0.8920000195503235,
    0.8980000019073486,
    0.9020000100135803,
    0.9200000166893005,
    0.9359999895095825,
    0.9179999828338623,
    0.8700000047683716,
    0.9419999718666077,
    0.9139999747276306,
    0.8920000195503235,
    0.9139999747276306
  ],
  "val_loss": [
    1.372585415840149,
    1.1972191333770752,
    1.0148937702178955,
    0.9312041997909546,
    0.8764358758926392,
    0.8380496501922607,
    0.7904632091522217,
    0.819227933883667,
    0.8259469866752625,
    0.7359456419944763,
    0.7102388739585876,
    0.6706597805023193,
    0.6658355593681335,
    0.6674428582191467,
    0.6494617462158203,
    0.6300683617591858,
    0.5950356125831604,
    0.598193347454071,
    0.6014899015426636,
    0.5943896174430847,
    0.6074289083480835,
    0.5537164211273193,
    0.5400108695030212,
    0.5327836275100708,
    0.5586565732955933,
    0.572288990020752,
    0.5897429585456848,
    0.5288175344467163,
    0.5698127746582031,
    0.5783531069755554,
    0.5615620613098145,
    0.5569522976875305,
    0.5753020644187927,
    0.5938226580619812,
    0.5928686261177063,
    0.5848517417907715,
    0.5734531283378601,
    0.572180986404419,
    0.5856688022613525,
    0.5724536180496216,
    0.5685672163963318,
    0.5751941800117493,
    0.5634453296661377,
    0.5732571482658386,
    0.5853613018989563,
    0.581746518611908,
    0.5862966179847717,
    0.589959979057312,
    0.5888822078704834,
    0.5896150469779968
  ],
  "val_accuracy": [
    0.20000000298023224,
    0.3100000023841858,
    0.4399999976158142,
    0.4300000071525574,
    0.5,
    0.46000000834465027,
    0.5099999904632568,
    0.5400000214576721,
    0.5299999713897705,
    0.5400000214576721,
    0.5799999833106995,
    0.6200000047683716,
    0.6399999856948853,
    0.6200000047683716,
    0.6800000071525574,
    0.6399999856948853,
    0.6800000071525574,
    0.6899999976158142,
    0.6899999976158142,
    0.6899999976158142,
    0.5899999737739563,
    0.6899999976158142,
    0.6800000071525574,
    0.6800000071525574,
    0.7200000286102295,
    0.6899999976158142,
    0.699999988079071,
    0.699999988079071,
    0.699999988079071,
    0.6899999976158142,
    0.6899999976158142,
    0.699999988079071,
    0.6700000166893005,
    0.6600000262260437,
    0.6700000166893005,
    0.6700000166893005,
    0.6899999976158142,
    0.6899999976158142,
    0.6800000071525574,
    0.6899999976158142,
    0.6899999976158142,
    0.699999988079071,
    0.7099999785423279,
    0.699999988079071,
    0.6899999976158142,
    0.699999988079071,
    0.6800000071525574,
    0.6800000071525574,
    0.6899999976158142,
    0.6700000166893005
  ],
  "lr": [
    9.999999747378752e-05,
    9.999999747378752e-05,
    9.999999747378752e-05,
    9.999999747378752e-05,
    9.999999747378752e-05,
    9.999999747378752e-05,
    9.999999747378752e-05,
    9.999999747378752e-05,
    9.999999747378752e-05,
    9.999999747378752e-05,
    9.999999747378752e-05,
    9.999999747378752e-05,
    9.999999747378752e-05,
    9.999999747378752e-05,
    9.999999747378752e-05,
    9.999999747378752e-05,
    9.999999747378752e-05,
    9.999999747378752e-05,
    9.999999747378752e-05,
    9.999999747378752e-05,
    9.999999747378752e-05,
    9.999999747378752e-05,
    9.999999747378752e-05,
    9.999999747378752e-05,
    4.999999873689376e-05,
    4.999999873689376e-05,
    4.999999873689376e-05,
    4.999999873689376e-05,
    4.999999873689376e-05,
    4.999999873689376e-05,
    4.999999873689376e-05,
    2.499999936844688e-05,
    2.499999936844688e-05,
    2.499999936844688e-05,
    2.499999936844688e-05,
    2.499999936844688e-05,
    2.499999936844688e-05,
    1.249999968422344e-05,
    1.249999968422344e-05,
    1.249999968422344e-05,
    1.249999968422344e-05,
    1.249999968422344e-05,
    1.249999968422344e-05,
    6.24999984211172e-06,
    6.24999984211172e-06,
    6.24999984211172e-06,
    6.24999984211172e-06,
    6.24999984211172e-06,
    6.24999984211172e-06,
    3.12499992105586e-06
  ]
}