{
  "loss": [
    1.7754297256469727,
    1.586781620979309,
    1.46730637550354,
    1.3283416032791138,
    1.2214065790176392,
    1.0842121839523315,
    0.9510681629180908,
    0.9468865394592285,
    0.878373384475708,
    0.8825516104698181,
    0.8616705536842346,
    0.8355177044868469,
    0.7498425245285034,
    0.7635719180107117,
    0.7730385065078735,
    0.7954165935516357,
    0.7553472518920898,
    0.8282838463783264,
    0.7277425527572632,
    0.6830553412437439,
    0.8150809407234192,
    0.6458470821380615,
    0.7671985030174255,
    0.7338172197341919,
    0.7258520722389221,
    0.7585844993591309,
    0.7632109522819519,
    0.7057307958602905,
    0.6199701428413391,
    0.5865985751152039,
    0.6802218556404114,
    0.6714489459991455,
    0.6566619873046875,
    0.6230191588401794,
    0.6791163682937622,
    0.6993276476860046,
    0.6646174788475037,
    0.6547936201095581,
    0.7093706727027893,
    0.6315209865570068,
    0.6439954042434692,
    0.6312119960784912,
    0.7728468179702759,
    0.6313346028327942,
    0.5210137963294983,
    0.5882456302642822,
    0.660679280757904,
    0.6906890869140625,
    0.5212535858154297,
    0.5431137681007385,
    0.6885014772415161,
    0.6281324625015259,
    0.5756183862686157,
    0.7334592938423157,
    0.5934638381004333,
    0.5700206160545349,
    0.608274519443512,
    0.6700661778450012,
    0.5880156755447388,
    0.6173743009567261
  ],
  "accuracy": [
    0.25600001215934753,
    0.3580000102519989,
    0.4259999990463257,
    0.5440000295639038,
    0.5879999995231628,
    0.6840000152587891,
    0.7279999852180481,
    0.7440000176429749,
    0.7739999890327454,
    0.7919999957084656,
    0.7820000052452087,
    0.7919999957084656,
    0.8320000171661377,
    0.8140000104904175,
    0.8100000023841858,
    0.8059999942779541,
    0.8500000238418579,
    0.8059999942779541,
    0.8420000076293945,
    0.8460000157356262,
    0.8119999766349792,
    0.8859999775886536,
    0.8539999723434448,
    0.8600000143051147,
    0.8679999709129333,
    0.8740000128746033,
    0.8560000061988831,
    0.8560000061988831,
    0.8939999938011169,
    0.9020000100135803,
    0.8799999952316284,
    0.8759999871253967,
    0.8840000033378601,
    0.8600000143051147,
    0.8700000047683716,
    0.8880000114440918,
    0.8840000033378601,
    0.8939999938011169,
    0.8679999709129333,
    0.8899999856948853,
    0.8799999952316284,
    0.8899999856948853,
    0.8899999856948853,
    0.8899999856948853,
    0.9240000247955322,
    0.9020000100135803,
    0.8899999856948853,
    0.8880000114440918,
    0.9259999990463257,
    0.9139999747276306,
    0.8740000128746033,
    0.9160000085830688,
    0.9039999842643738,
    0.8740000128746033,
    0.9039999842643738,
    0.9139999747276306,
    0.9279999732971191,
    0.9020000100135803,
    0.9079999923706055,
    0.9120000004768372
  ],
  "val_loss": [
    1.5900061130523682,
    1.47617506980896,
    1.3663194179534912,
    1.3121693134307861,
    1.2500911951065063,
    1.3010759353637695,
    1.323421597480774,
    1.3355436325073242,
    1.331206202507019,
    1.4143773317337036,
    1.3568354845046997,
    1.292121171951294,
    1.3376230001449585,
    1.2903507947921753,
    1.2524936199188232,
    1.3366265296936035,
    1.2167201042175293,
    1.1525624990463257,
    1.349579930305481,
    1.0513677597045898,
    1.1193965673446655,
    1.0685036182403564,
    1.0666320323944092,
    1.0186251401901245,
    1.0367367267608643,
    1.167051911354065,
    1.146867036819458,
    0.8882070779800415,
    0.9176152944564819,
    0.9871275424957275,
    0.8881310820579529,
    0.9212335348129272,
    0.7664774060249329,
    0.8547395467758179,
    0.7725275158882141,
    0.7782551646232605,
    0.8289209604263306,
    0.9012800455093384,
    0.8606098890304565,
    0.8822044134140015,
    0.8266440629959106,
    0.8494458198547363,
    0.8411906957626343,
    0.8191772699356079,
    0.8463323712348938,
    0.7964498996734619,
    0.8226161003112793,
    0.8360754251480103,
    0.8467480540275574,
    0.8305462598800659,
    0.7874143123626709,
    0.7962586283683777,
    0.786853551864624,
    0.7774167060852051,
    0.7657341957092285,
    0.7728472352027893,
    0.7579629421234131,
    0.7574679851531982,
    0.7817044258117676,
    0.7928649187088013
  ],
  "val_accuracy": [
    0.3499999940395355,
    0.44999998807907104,
    0.5099999904632568,
    0.4399999976158142,
    0.5099999904632568,
    0.49000000953674316,
    0.47999998927116394,
    0.4699999988079071,
    0.47999998927116394,
    0.49000000953674316,
    0.5,
    0.5199999809265137,
    0.5299999713897705,
    0.5400000214576721,
    0.5600000023841858,
    0.550000011920929,
    0.5799999833106995,
    0.5799999833106995,
    0.5299999713897705,
    0.6399999856948853,
    0.6299999952316284,
    0.6499999761581421,
    0.6399999856948853,
    0.6499999761581421,
    0.6600000262260437,
    0.6000000238418579,
    0.6100000143051147,
    0.6899999976158142,
    0.6899999976158142,
    0.6700000166893005,
    0.699999988079071,
    0.6899999976158142,
    0.75,
    0.7400000095367432,
    0.7900000214576721,
    0.7599999904632568,
    0.7300000190734863,
    0.699999988079071,
    0.7300000190734863,
    0.7200000286102295,
    0.7300000190734863,
    0.7300000190734863,
    0.7200000286102295,
    0.7400000095367432,
    0.7099999785423279,
    0.7599999904632568,
    0.7599999904632568,
    0.7400000095367432,
    0.7099999785423279,
    0.7599999904632568,
    0.75,
    0.7599999904632568,
    0.7599999904632568,
    0.7599999904632568,
    0.7799999713897705,
    0.7699999809265137,
    0.7699999809265137,
    0.7599999904632568,
    0.7400000095367432,
    0.7599999904632568
  ],
  "lr": [
    9.999999747378752e-05,
    9.999999747378752e-05,
    9.999999747378752e-05,
    9.999999747378752e-05,
    9.999999747378752e-05,
    9.999999747378752e-05,
    9.999999747378752e-05,
    9.999999747378752e-05,
    9.999999747378752e-05,
    4.999999873689376e-05,
    4.999999873689376e-05,
    4.999999873689376e-05,
    4.999999873689376e-05,
    4.999999873689376e-05,
    4.999999873689376e-05,
    4.999999873689376e-05,
    4.999999873689376e-05,
    4.999999873689376e-05,
    4.999999873689376e-05,
    4.999999873689376e-05,
    4.999999873689376e-05,
    4.999999873689376e-05,
    4.999999873689376e-05,
    4.999999873689376e-05,
    4.999999873689376e-05,
    4.999999873689376e-05,
    4.999999873689376e-05,
    4.999999873689376e-05,
    4.999999873689376e-05,
    4.999999873689376e-05,
    4.999999873689376e-05,
    4.999999873689376e-05,
    4.999999873689376e-05,
    4.999999873689376e-05,
    4.999999873689376e-05,
    4.999999873689376e-05,
    4.999999873689376e-05,
    4.999999873689376e-05,
    4.999999873689376e-05,
    4.999999873689376e-05,
    4.999999873689376e-05,
    2.499999936844688e-05,
    2.499999936844688e-05,
    2.499999936844688e-05,
    2.499999936844688e-05,
    2.499999936844688e-05,
    2.499999936844688e-05,
    1.249999968422344e-05,
    1.249999968422344e-05,
    1.249999968422344e-05,
    1.249999968422344e-05,
    1.249999968422344e-05,
    1.249999968422344e-05,
    6.24999984211172e-06,
    6.24999984211172e-06,
    6.24999984211172e-06,
    6.24999984211172e-06,
    6.24999984211172e-06,
    6.24999984211172e-06,
    3.12499992105586e-06
  ]
}