{
  "0": {
    "precision": 0.4358974358974359,
    "recall": 0.85,
    "f1-score": 0.5762711864406781,
    "support": 20.0
  },
  "1": {
    "precision": 1.0,
    "recall": 0.95,
    "f1-score": 0.9743589743589743,
    "support": 20.0
  },
  "2": {
    "precision": 0.5652173913043478,
    "recall": 0.65,
    "f1-score": 0.6046511627906976,
    "support": 20.0
  },
  "3": {
    "precision": 0.0,
    "recall": 0.0,
    "f1-score": 0.0,
    "support": 20.0
  },
  "4": {
    "precision": 1.0,
    "recall": 0.95,
    "f1-score": 0.9743589743589743,
    "support": 20.0
  },
  "accuracy": 0.68,
  "macro avg": {
    "precision": 0.6002229654403568,
    "recall": 0.6799999999999999,
    "f1-score": 0.6259280595898649,
    "support": 100.0
  },
  "weighted avg": {
    "precision": 0.6002229654403568,
    "recall": 0.68,
    "f1-score": 0.6259280595898649,
    "support": 100.0
  }
}