{
  "loss": [
    1.8086858987808228,
    1.4765839576721191,
    1.3335540294647217,
    1.190899133682251,
    1.0929806232452393,
    1.025839924812317,
    0.9711008667945862,
    0.8806060552597046,
    0.8288909196853638,
    0.8983007073402405,
    0.9290416240692139,
    0.876987636089325,
    0.764687180519104,
    0.7831817269325256,
    0.7450215220451355,
    0.8076180219650269,
    0.716106653213501,
    0.8892215490341187,
    0.766787588596344,
    0.7465968728065491,
    0.7383199334144592,
    0.8048170804977417,
    0.6342136263847351,
    0.6527353525161743,
    0.6757298707962036,
    0.7037068009376526,
    0.6172984838485718,
    0.7962812185287476,
    0.7100169658660889,
    0.7387752532958984,
    0.627633810043335,
    0.6042677164077759,
    0.6821927428245544,
    0.5941088795661926,
    0.5806688070297241
  ],
  "accuracy": [
    0.25600001215934753,
    0.44999998807907104,
    0.5239999890327454,
    0.6039999723434448,
    0.6460000276565552,
    0.7080000042915344,
    0.722000002861023,
    0.7480000257492065,
    0.7680000066757202,
    0.7879999876022339,
    0.7820000052452087,
    0.800000011920929,
    0.8119999766349792,
    0.8320000171661377,
    0.8299999833106995,
    0.8299999833106995,
    0.8360000252723694,
    0.8080000281333923,
    0.8220000267028809,
    0.843999981880188,
    0.8379999995231628,
    0.8479999899864197,
    0.878000020980835,
    0.8740000128746033,
    0.8539999723434448,
    0.8539999723434448,
    0.8840000033378601,
    0.8399999737739563,
    0.8560000061988831,
    0.8619999885559082,
    0.878000020980835,
    0.9100000262260437,
    0.8980000019073486,
    0.9079999923706055,
    0.9079999923706055
  ],
  "val_loss": [
    1.6419553756713867,
    1.511846661567688,
    1.3491913080215454,
    1.2897568941116333,
    1.3048031330108643,
    1.1560375690460205,
    1.168756365776062,
    1.096530795097351,
    1.1163947582244873,
    1.1654902696609497,
    1.1479651927947998,
    1.1612834930419922,
    1.2135177850723267,
    1.2167084217071533,
    1.218673825263977,
    1.2094632387161255,
    1.249933123588562,
    1.314069390296936,
    1.2346938848495483,
    1.275307059288025,
    1.265549898147583,
    1.337861180305481,
    1.3284904956817627,
    1.3406699895858765,
    1.3882696628570557,
    1.3914555311203003,
    1.394809365272522,
    1.3616136312484741,
    1.3646302223205566,
    1.3811655044555664,
    1.3926124572753906,
    1.4120854139328003,
    1.4096406698226929,
    1.3975088596343994,
    1.3853347301483154
  ],
  "val_accuracy": [
    0.4099999964237213,
    0.5400000214576721,
    0.6200000047683716,
    0.6299999952316284,
    0.6200000047683716,
    0.6700000166893005,
    0.6499999761581421,
    0.6600000262260437,
    0.6700000166893005,
    0.6800000071525574,
    0.6299999952316284,
    0.6200000047683716,
    0.6299999952316284,
    0.6499999761581421,
    0.6399999856948853,
    0.6200000047683716,
    0.6200000047683716,
    0.5600000023841858,
    0.6000000238418579,
    0.6200000047683716,
    0.6200000047683716,
    0.6000000238418579,
    0.6100000143051147,
    0.6000000238418579,
    0.5799999833106995,
    0.5799999833106995,
    0.5600000023841858,
    0.5799999833106995,
    0.5899999737739563,
    0.5699999928474426,
    0.5699999928474426,
    0.5699999928474426,
    0.5699999928474426,
    0.5699999928474426,
    0.5899999737739563
  ],
  "lr": [
    9.999999747378752e-05,
    9.999999747378752e-05,
    9.999999747378752e-05,
    9.999999747378752e-05,
    9.999999747378752e-05,
    9.999999747378752e-05,
    9.999999747378752e-05,
    9.999999747378752e-05,
    9.999999747378752e-05,
    9.999999747378752e-05,
    9.999999747378752e-05,
    9.999999747378752e-05,
    9.999999747378752e-05,
    9.999999747378752e-05,
    9.999999747378752e-05,
    9.999999747378752e-05,
    4.999999873689376e-05,
    4.999999873689376e-05,
    4.999999873689376e-05,
    4.999999873689376e-05,
    4.999999873689376e-05,
    4.999999873689376e-05,
    2.499999936844688e-05,
    2.499999936844688e-05,
    2.499999936844688e-05,
    2.499999936844688e-05,
    2.499999936844688e-05,
    2.499999936844688e-05,
    1.249999968422344e-05,
    1.249999968422344e-05,
    1.249999968422344e-05,
    1.249999968422344e-05,
    1.249999968422344e-05,
    1.249999968422344e-05,
    6.24999984211172e-06
  ]
}