{
  "0": {
    "precision": 0.9,
    "recall": 0.45,
    "f1-score": 0.6,
    "support": 20.0
  },
  "1": {
    "precision": 0.9090909090909091,
    "recall": 1.0,
    "f1-score": 0.9523809523809523,
    "support": 20.0
  },
  "2": {
    "precision": 0.8947368421052632,
    "recall": 0.85,
    "f1-score": 0.8717948717948718,
    "support": 20.0
  },
  "3": {
    "precision": 0.5277777777777778,
    "recall": 0.95,
    "f1-score": 0.6785714285714285,
    "support": 20.0
  },
  "4": {
    "precision": 1.0,
    "recall": 0.65,
    "f1-score": 0.787878787878788,
    "support": 20.0
  },
  "accuracy": 0.78,
  "macro avg": {
    "precision": 0.84632110579479,
    "recall": 0.78,
    "f1-score": 0.7781252081252081,
    "support": 100.0
  },
  "weighted avg": {
    "precision": 0.84632110579479,
    "recall": 0.78,
    "f1-score": 0.7781252081252081,
    "support": 100.0
  }
}