{
  "loss": [
    1.6749097108840942,
    1.4502896070480347,
    1.2077773809432983,
    1.0612632036209106,
    0.9263688921928406,
    0.803158700466156,
    0.7511821985244751,
    0.6542253494262695,
    0.5499138832092285,
    0.5459950566291809,
    0.5070318579673767,
    0.5056394934654236,
    0.4470106065273285,
    0.4072725772857666,
    0.394578218460083,
    0.3571895658969879,
    0.4163721799850464,
    0.369815856218338,
    0.34363189339637756,
    0.2896973192691803,
    0.3394148051738739,
    0.3528117537498474,
    0.3133636713027954,
    0.25930652022361755,
    0.3183397054672241,
    0.3448604345321655,
    0.32543620467185974,
    0.3614368140697479,
    0.2506243884563446,
    0.2521240711212158,
    0.27866330742836,
    0.2658015489578247,
    0.29539766907691956,
    0.2797503173351288,
    0.3072589337825775,
    0.24234959483146667,
    0.3115635812282562,
    0.333021879196167,
    0.2500160336494446,
    0.2599327862262726,
    0.22073420882225037,
    0.2981298863887787,
    0.2794632315635681,
    0.2792512774467468,
    0.234635129570961,
    0.26633358001708984
  ],
  "accuracy": [
    0.20600000023841858,
    0.24400000274181366,
    0.3319999873638153,
    0.3619999885559082,
    0.44600000977516174,
    0.527999997138977,
    0.593999981880188,
    0.6539999842643738,
    0.7239999771118164,
    0.7120000123977661,
    0.734000027179718,
    0.7639999985694885,
    0.8059999942779541,
    0.7979999780654907,
    0.8119999766349792,
    0.8399999737739563,
    0.7960000038146973,
    0.8220000267028809,
    0.8460000157356262,
    0.871999979019165,
    0.8560000061988831,
    0.8460000157356262,
    0.8640000224113464,
    0.8980000019073486,
    0.8700000047683716,
    0.843999981880188,
    0.8799999952316284,
    0.843999981880188,
    0.9139999747276306,
    0.8880000114440918,
    0.8840000033378601,
    0.8880000114440918,
    0.8980000019073486,
    0.8880000114440918,
    0.8759999871253967,
    0.906000018119812,
    0.8880000114440918,
    0.8659999966621399,
    0.906000018119812,
    0.8980000019073486,
    0.9139999747276306,
    0.8740000128746033,
    0.8859999775886536,
    0.8840000033378601,
    0.9179999828338623,
    0.8899999856948853
  ],
  "val_loss": [
    1.2318735122680664,
    1.1790786981582642,
    1.0811500549316406,
    0.997249960899353,
    0.919261634349823,
    0.872877299785614,
    0.8119814991950989,
    0.7540571093559265,
    0.6546633839607239,
    0.6841490268707275,
    0.5793776512145996,
    0.5543337464332581,
    0.5794082283973694,
    0.5891669392585754,
    0.5277490019798279,
    0.5809119939804077,
    0.5879294872283936,
    0.5209076404571533,
    0.5881194472312927,
    0.47153326869010925,
    0.41949954628944397,
    0.5787110328674316,
    0.5136200189590454,
    0.4914248287677765,
    0.48067253828048706,
    0.510861337184906,
    0.6233081817626953,
    0.5105323195457458,
    0.5642326474189758,
    0.4879514276981354,
    0.5001314878463745,
    0.48536908626556396,
    0.429619699716568,
    0.4268375337123871,
    0.4493536651134491,
    0.44301125407218933,
    0.451915442943573,
    0.5053716897964478,
    0.5005854368209839,
    0.4677347242832184,
    0.46462956070899963,
    0.45439252257347107,
    0.4666897654533386,
    0.4585617184638977,
    0.45150795578956604,
    0.45442435145378113
  ],
  "val_accuracy": [
    0.20000000298023224,
    0.25,
    0.4099999964237213,
    0.4000000059604645,
    0.44999998807907104,
    0.5400000214576721,
    0.5199999809265137,
    0.6100000143051147,
    0.6000000238418579,
    0.6399999856948853,
    0.6299999952316284,
    0.6399999856948853,
    0.6399999856948853,
    0.6200000047683716,
    0.6399999856948853,
    0.6499999761581421,
    0.6399999856948853,
    0.7099999785423279,
    0.6499999761581421,
    0.7200000286102295,
    0.7799999713897705,
    0.6499999761581421,
    0.7200000286102295,
    0.7200000286102295,
    0.6899999976158142,
    0.7099999785423279,
    0.6499999761581421,
    0.6899999976158142,
    0.6700000166893005,
    0.699999988079071,
    0.699999988079071,
    0.699999988079071,
    0.7400000095367432,
    0.7200000286102295,
    0.7200000286102295,
    0.7200000286102295,
    0.7200000286102295,
    0.6899999976158142,
    0.6899999976158142,
    0.7200000286102295,
    0.7300000190734863,
    0.7300000190734863,
    0.7300000190734863,
    0.7300000190734863,
    0.7300000190734863,
    0.7300000190734863
  ],
  "lr": [
    9.999999747378752e-05,
    9.999999747378752e-05,
    9.999999747378752e-05,
    9.999999747378752e-05,
    9.999999747378752e-05,
    9.999999747378752e-05,
    9.999999747378752e-05,
    9.999999747378752e-05,
    9.999999747378752e-05,
    9.999999747378752e-05,
    9.999999747378752e-05,
    9.999999747378752e-05,
    9.999999747378752e-05,
    9.999999747378752e-05,
    9.999999747378752e-05,
    9.999999747378752e-05,
    9.999999747378752e-05,
    9.999999747378752e-05,
    9.999999747378752e-05,
    9.999999747378752e-05,
    9.999999747378752e-05,
    9.999999747378752e-05,
    9.999999747378752e-05,
    9.999999747378752e-05,
    9.999999747378752e-05,
    9.999999747378752e-05,
    9.999999747378752e-05,
    4.999999873689376e-05,
    4.999999873689376e-05,
    4.999999873689376e-05,
    4.999999873689376e-05,
    4.999999873689376e-05,
    4.999999873689376e-05,
    2.499999936844688e-05,
    2.499999936844688e-05,
    2.499999936844688e-05,
    2.499999936844688e-05,
    2.499999936844688e-05,
    2.499999936844688e-05,
    1.249999968422344e-05,
    1.249999968422344e-05,
    1.249999968422344e-05,
    1.249999968422344e-05,
    1.249999968422344e-05,
    1.249999968422344e-05,
    6.24999984211172e-06
  ]
}