{
  "0": {
    "precision": 0.5757575757575758,
    "recall": 0.95,
    "f1-score": 0.7169811320754716,
    "support": 20.0
  },
  "1": {
    "precision": 1.0,
    "recall": 0.85,
    "f1-score": 0.9189189189189189,
    "support": 20.0
  },
  "2": {
    "precision": 0.9,
    "recall": 0.9,
    "f1-score": 0.9,
    "support": 20.0
  },
  "3": {
    "precision": 1.0,
    "recall": 0.35,
    "f1-score": 0.5185185185185185,
    "support": 20.0
  },
  "4": {
    "precision": 0.8695652173913043,
    "recall": 1.0,
    "f1-score": 0.9302325581395349,
    "support": 20.0
  },
  "accuracy": 0.81,
  "macro avg": {
    "precision": 0.869064558629776,
    "recall": 0.8099999999999999,
    "f1-score": 0.7969302255304888,
    "support": 100.0
  },
  "weighted avg": {
    "precision": 0.8690645586297759,
    "recall": 0.81,
    "f1-score": 0.7969302255304888,
    "support": 100.0
  }
}