{
  "loss": [
    1.9120372533798218,
    1.7131296396255493,
    1.5602167844772339,
    1.3547618389129639,
    1.24335777759552,
    1.1866546869277954,
    1.0311373472213745,
    0.9438825845718384,
    0.9295497536659241,
    0.838418185710907,
    0.8893387913703918,
    0.8330914378166199,
    0.7707337737083435,
    0.7451499700546265,
    0.768901526927948,
    0.7074459791183472,
    0.646569013595581,
    0.8423641324043274,
    0.7291563749313354,
    0.7032070755958557,
    0.6328480839729309,
    0.734619677066803,
    0.6605409383773804,
    0.7238067388534546,
    0.6264013051986694,
    0.6012111306190491,
    0.5949178338050842,
    0.8009176850318909,
    0.6171689033508301,
    0.7540667653083801,
    0.6572339534759521,
    0.5976281762123108,
    0.6825673580169678,
    0.5908782482147217,
    0.55101078748703,
    0.6162668466567993,
    0.5926743149757385,
    0.6401252150535583,
    0.5887118577957153,
    0.5730964541435242,
    0.6676880717277527,
    0.5758706331253052,
    0.6980686783790588,
    0.6919808983802795,
    0.6540222764015198,
    0.6823640465736389,
    0.5511230230331421
  ],
  "accuracy": [
    0.2240000069141388,
    0.328000009059906,
    0.37400001287460327,
    0.4819999933242798,
    0.5659999847412109,
    0.6000000238418579,
    0.6700000166893005,
    0.6940000057220459,
    0.7300000190734863,
    0.7599999904632568,
    0.777999997138977,
    0.7820000052452087,
    0.8180000185966492,
    0.8500000238418579,
    0.828000009059906,
    0.8700000047683716,
    0.8460000157356262,
    0.8299999833106995,
    0.8640000224113464,
    0.8500000238418579,
    0.8960000276565552,
    0.8479999899864197,
    0.8899999856948853,
    0.871999979019165,
    0.8920000195503235,
    0.9020000100135803,
    0.8980000019073486,
    0.8299999833106995,
    0.8980000019073486,
    0.8840000033378601,
    0.871999979019165,
    0.8920000195503235,
    0.8899999856948853,
    0.9020000100135803,
    0.9120000004768372,
    0.8960000276565552,
    0.9079999923706055,
    0.8920000195503235,
    0.8939999938011169,
    0.9039999842643738,
    0.8840000033378601,
    0.8960000276565552,
    0.8619999885559082,
    0.906000018119812,
    0.8899999856948853,
    0.8799999952316284,
    0.9139999747276306
  ],
  "val_loss": [
    1.8007731437683105,
    1.7558425664901733,
    1.7687679529190063,
    1.7237499952316284,
    1.7019333839416504,
    1.524003505706787,
    1.2869012355804443,
    1.276431679725647,
    1.0931158065795898,
    0.9912877678871155,
    0.9753798842430115,
    0.9647292494773865,
    1.0290926694869995,
    0.9763636589050293,
    0.859896719455719,
    0.8242326974868774,
    0.8178629279136658,
    0.8350489735603333,
    0.8185489773750305,
    0.865803599357605,
    0.813301146030426,
    0.8281835913658142,
    0.793201744556427,
    0.8287942409515381,
    0.8454914093017578,
    0.8009651303291321,
    0.8258582949638367,
    0.8621201515197754,
    0.8579978942871094,
    0.8317062258720398,
    0.8418826460838318,
    0.8580621480941772,
    0.8726945519447327,
    0.8242594003677368,
    0.8311536312103271,
    0.8523843288421631,
    0.8581269979476929,
    0.8509148955345154,
    0.8407353162765503,
    0.8515074849128723,
    0.8545794486999512,
    0.8518776893615723,
    0.8604442477226257,
    0.8616430759429932,
    0.8561586737632751,
    0.8523380756378174,
    0.8511521220207214
  ],
  "val_accuracy": [
    0.23000000417232513,
    0.3100000023841858,
    0.3100000023841858,
    0.3499999940395355,
    0.38999998569488525,
    0.47999998927116394,
    0.6600000262260437,
    0.6399999856948853,
    0.7799999713897705,
    0.7699999809265137,
    0.7599999904632568,
    0.7200000286102295,
    0.6499999761581421,
    0.6499999761581421,
    0.7699999809265137,
    0.7900000214576721,
    0.7799999713897705,
    0.7799999713897705,
    0.7799999713897705,
    0.7900000214576721,
    0.7799999713897705,
    0.8100000023841858,
    0.800000011920929,
    0.7599999904632568,
    0.7400000095367432,
    0.800000011920929,
    0.7599999904632568,
    0.7699999809265137,
    0.75,
    0.7799999713897705,
    0.7799999713897705,
    0.7699999809265137,
    0.7699999809265137,
    0.7799999713897705,
    0.7900000214576721,
    0.7900000214576721,
    0.7799999713897705,
    0.7799999713897705,
    0.7900000214576721,
    0.7799999713897705,
    0.7799999713897705,
    0.7799999713897705,
    0.7799999713897705,
    0.7699999809265137,
    0.7699999809265137,
    0.7799999713897705,
    0.7799999713897705
  ],
  "lr": [
    9.999999747378752e-05,
    9.999999747378752e-05,
    9.999999747378752e-05,
    9.999999747378752e-05,
    9.999999747378752e-05,
    9.999999747378752e-05,
    9.999999747378752e-05,
    9.999999747378752e-05,
    9.999999747378752e-05,
    9.999999747378752e-05,
    9.999999747378752e-05,
    9.999999747378752e-05,
    9.999999747378752e-05,
    9.999999747378752e-05,
    9.999999747378752e-05,
    4.999999873689376e-05,
    4.999999873689376e-05,
    4.999999873689376e-05,
    4.999999873689376e-05,
    4.999999873689376e-05,
    4.999999873689376e-05,
    4.999999873689376e-05,
    4.999999873689376e-05,
    4.999999873689376e-05,
    4.999999873689376e-05,
    4.999999873689376e-05,
    4.999999873689376e-05,
    4.999999873689376e-05,
    2.499999936844688e-05,
    2.499999936844688e-05,
    2.499999936844688e-05,
    2.499999936844688e-05,
    2.499999936844688e-05,
    2.499999936844688e-05,
    1.249999968422344e-05,
    1.249999968422344e-05,
    1.249999968422344e-05,
    1.249999968422344e-05,
    1.249999968422344e-05,
    1.249999968422344e-05,
    6.24999984211172e-06,
    6.24999984211172e-06,
    6.24999984211172e-06,
    6.24999984211172e-06,
    6.24999984211172e-06,
    6.24999984211172e-06,
    3.12499992105586e-06
  ]
}