{
  "loss": [
    1.764517068862915,
    1.5784255266189575,
    1.4477230310440063,
    1.2525310516357422,
    1.1726187467575073,
    0.9861457943916321,
    0.9042558073997498,
    0.8811384439468384,
    0.806930422782898,
    0.7794209718704224,
    0.9132906198501587,
    0.8400444388389587,
    0.7109423875808716,
    0.7069023847579956,
    0.6813883781433105,
    0.7862029075622559,
    0.6378712058067322,
    0.665330171585083,
    0.6812793016433716,
    0.6069492101669312,
    0.7209360599517822,
    0.6989784836769104,
    0.7004274129867554,
    0.6502959132194519,
    0.6070947051048279,
    0.6410266160964966,
    0.6135899424552917,
    0.6770495772361755,
    0.5775600671768188,
    0.6955032348632812,
    0.7460418343544006,
    0.5810006856918335,
    0.6123054027557373,
    0.5469666719436646,
    0.7012396454811096,
    0.6196556687355042,
    0.5456739068031311
  ],
  "accuracy": [
    0.30399999022483826,
    0.35600000619888306,
    0.4620000123977661,
    0.578000009059906,
    0.6359999775886536,
    0.7379999756813049,
    0.765999972820282,
    0.7839999794960022,
    0.8100000023841858,
    0.8180000185966492,
    0.7839999794960022,
    0.8320000171661377,
    0.8399999737739563,
    0.8539999723434448,
    0.8479999899864197,
    0.8259999752044678,
    0.8880000114440918,
    0.9079999923706055,
    0.871999979019165,
    0.9020000100135803,
    0.8640000224113464,
    0.8740000128746033,
    0.8460000157356262,
    0.8840000033378601,
    0.906000018119812,
    0.9020000100135803,
    0.8939999938011169,
    0.8759999871253967,
    0.906000018119812,
    0.871999979019165,
    0.8679999709129333,
    0.9160000085830688,
    0.906000018119812,
    0.9139999747276306,
    0.8920000195503235,
    0.9039999842643738,
    0.9160000085830688
  ],
  "val_loss": [
    1.5353648662567139,
    1.473067283630371,
    1.4257560968399048,
    1.333894968032837,
    1.318925380706787,
    1.3191837072372437,
    1.3803273439407349,
    1.3528923988342285,
    1.425510048866272,
    1.3075402975082397,
    1.3796838521957397,
    1.2925509214401245,
    1.362205147743225,
    1.376941204071045,
    1.3853106498718262,
    1.291835069656372,
    1.4427467584609985,
    1.3817211389541626,
    1.376220703125,
    1.3820393085479736,
    1.377029299736023,
    1.3699878454208374,
    1.376753330230713,
    1.4323692321777344,
    1.397943139076233,
    1.3528698682785034,
    1.3993650674819946,
    1.4118072986602783,
    1.4627065658569336,
    1.4158484935760498,
    1.418489694595337,
    1.4232838153839111,
    1.4232121706008911,
    1.4280139207839966,
    1.4218138456344604,
    1.4386084079742432,
    1.438671588897705
  ],
  "val_accuracy": [
    0.4099999964237213,
    0.4399999976158142,
    0.4099999964237213,
    0.41999998688697815,
    0.5099999904632568,
    0.550000011920929,
    0.5600000023841858,
    0.5299999713897705,
    0.5099999904632568,
    0.6000000238418579,
    0.6200000047683716,
    0.6499999761581421,
    0.6000000238418579,
    0.6299999952316284,
    0.6399999856948853,
    0.6499999761581421,
    0.6200000047683716,
    0.6399999856948853,
    0.6399999856948853,
    0.6399999856948853,
    0.6399999856948853,
    0.6399999856948853,
    0.6399999856948853,
    0.6399999856948853,
    0.6399999856948853,
    0.6499999761581421,
    0.6399999856948853,
    0.6399999856948853,
    0.6399999856948853,
    0.6499999761581421,
    0.6499999761581421,
    0.6499999761581421,
    0.6499999761581421,
    0.6399999856948853,
    0.6499999761581421,
    0.6499999761581421,
    0.6499999761581421
  ],
  "lr": [
    9.999999747378752e-05,
    9.999999747378752e-05,
    9.999999747378752e-05,
    9.999999747378752e-05,
    9.999999747378752e-05,
    9.999999747378752e-05,
    9.999999747378752e-05,
    9.999999747378752e-05,
    9.999999747378752e-05,
    9.999999747378752e-05,
    9.999999747378752e-05,
    9.999999747378752e-05,
    9.999999747378752e-05,
    9.999999747378752e-05,
    9.999999747378752e-05,
    9.999999747378752e-05,
    9.999999747378752e-05,
    9.999999747378752e-05,
    4.999999873689376e-05,
    4.999999873689376e-05,
    4.999999873689376e-05,
    4.999999873689376e-05,
    4.999999873689376e-05,
    4.999999873689376e-05,
    2.499999936844688e-05,
    2.499999936844688e-05,
    2.499999936844688e-05,
    2.499999936844688e-05,
    2.499999936844688e-05,
    2.499999936844688e-05,
    1.249999968422344e-05,
    1.249999968422344e-05,
    1.249999968422344e-05,
    1.249999968422344e-05,
    1.249999968422344e-05,
    1.249999968422344e-05,
    6.24999984211172e-06
  ]
}