{
  "0": {
    "precision": 0.6296296296296297,
    "recall": 0.85,
    "f1-score": 0.723404255319149,
    "support": 20.0
  },
  "1": {
    "precision": 1.0,
    "recall": 1.0,
    "f1-score": 1.0,
    "support": 20.0
  },
  "2": {
    "precision": 1.0,
    "recall": 0.7,
    "f1-score": 0.8235294117647058,
    "support": 20.0
  },
  "3": {
    "precision": 0.0,
    "recall": 0.0,
    "f1-score": 0.0,
    "support": 20.0
  },
  "4": {
    "precision": 0.5128205128205128,
    "recall": 1.0,
    "f1-score": 0.6779661016949152,
    "support": 20.0
  },
  "accuracy": 0.71,
  "macro avg": {
    "precision": 0.6284900284900286,
    "recall": 0.71,
    "f1-score": 0.644979953755754,
    "support": 100.0
  },
  "weighted avg": {
    "precision": 0.6284900284900286,
    "recall": 0.71,
    "f1-score": 0.644979953755754,
    "support": 100.0
  }
}