{
  "loss": [
    1.3044381141662598,
    1.1895009279251099,
    1.0236353874206543,
    0.8707910776138306,
    0.8012392520904541,
    0.6439033150672913,
    0.5359061360359192,
    0.4661564230918884,
    0.40679726004600525,
    0.41438406705856323,
    0.35464927554130554,
    0.3803517520427704,
    0.3621005713939667,
    0.3283616900444031,
    0.31768685579299927,
    0.40047430992126465,
    0.2916959524154663,
    0.352385014295578,
    0.3400634229183197,
    0.3029547929763794,
    0.33759379386901855,
    0.3372521996498108,
    0.2987861931324005,
    0.3176546096801758,
    0.30071189999580383,
    0.3193381726741791,
    0.326324999332428,
    0.31304484605789185,
    0.26819154620170593,
    0.27972593903541565,
    0.2848533093929291,
    0.3232954144477844,
    0.40351608395576477,
    0.36763501167297363,
    0.2818447947502136,
    0.29845982789993286,
    0.2840642035007477,
    0.2511773109436035,
    0.3171673119068146,
    0.4000577926635742,
    0.3210943043231964,
    0.26082664728164673,
    0.30583369731903076,
    0.28410422801971436,
    0.3158505856990814,
    0.30529534816741943,
    0.26250159740448,
    0.34740155935287476,
    0.3383326828479767,
    0.3139524757862091,
    0.3437158167362213,
    0.31606048345565796,
    0.2610023319721222,
    0.3122709095478058,
    0.2990928590297699
  ],
  "accuracy": [
    0.22599999606609344,
    0.36800000071525574,
    0.5199999809265137,
    0.578000009059906,
    0.6299999952316284,
    0.7099999785423279,
    0.7680000066757202,
    0.7919999957084656,
    0.828000009059906,
    0.7919999957084656,
    0.8579999804496765,
    0.8180000185966492,
    0.8360000252723694,
    0.8619999885559082,
    0.8579999804496765,
    0.8080000281333923,
    0.8799999952316284,
    0.8420000076293945,
    0.8479999899864197,
    0.878000020980835,
    0.878000020980835,
    0.8619999885559082,
    0.878000020980835,
    0.8939999938011169,
    0.8700000047683716,
    0.8740000128746033,
    0.8640000224113464,
    0.878000020980835,
    0.8820000290870667,
    0.8880000114440918,
    0.8799999952316284,
    0.871999979019165,
    0.8399999737739563,
    0.843999981880188,
    0.8820000290870667,
    0.878000020980835,
    0.9039999842643738,
    0.9120000004768372,
    0.8880000114440918,
    0.8339999914169312,
    0.8619999885559082,
    0.8999999761581421,
    0.8759999871253967,
    0.878000020980835,
    0.8619999885559082,
    0.8840000033378601,
    0.8899999856948853,
    0.8579999804496765,
    0.8679999709129333,
    0.8740000128746033,
    0.8579999804496765,
    0.8740000128746033,
    0.8999999761581421,
    0.8640000224113464,
    0.871999979019165
  ],
  "val_loss": [
    1.290073275566101,
    1.2665338516235352,
    1.222814917564392,
    1.160672903060913,
    1.0662745237350464,
    1.0072438716888428,
    0.9231869578361511,
    0.8809434771537781,
    0.8145217895507812,
    0.7921846508979797,
    0.775593638420105,
    0.7129626274108887,
    0.7279701232910156,
    0.7536762952804565,
    0.704679548740387,
    0.7367918491363525,
    0.7018063068389893,
    0.7026694416999817,
    0.6765215992927551,
    0.7013232707977295,
    0.7344757318496704,
    0.7072310447692871,
    0.6917666792869568,
    0.6976141929626465,
    0.6887373924255371,
    0.7102853655815125,
    0.7077325582504272,
    0.6943911910057068,
    0.6713666319847107,
    0.673474133014679,
    0.6796130537986755,
    0.6915441751480103,
    0.7083519101142883,
    0.7320364117622375,
    0.7291106581687927,
    0.7297671437263489,
    0.7225731015205383,
    0.717192530632019,
    0.7212894558906555,
    0.727613091468811,
    0.7337562441825867,
    0.7337188720703125,
    0.7361370921134949,
    0.7411109805107117,
    0.7478651404380798,
    0.7527514696121216,
    0.7589606642723083,
    0.7635726928710938,
    0.7655348181724548,
    0.7697110772132874,
    0.7737137079238892,
    0.7764042019844055,
    0.7803703546524048,
    0.7853135466575623,
    0.7880094647407532
  ],
  "val_accuracy": [
    0.20000000298023224,
    0.20999999344348907,
    0.5199999809265137,
    0.6499999761581421,
    0.7099999785423279,
    0.6299999952316284,
    0.6000000238418579,
    0.6100000143051147,
    0.5799999833106995,
    0.6000000238418579,
    0.5699999928474426,
    0.6200000047683716,
    0.6399999856948853,
    0.6200000047683716,
    0.6200000047683716,
    0.6000000238418579,
    0.6100000143051147,
    0.6000000238418579,
    0.6000000238418579,
    0.6000000238418579,
    0.5899999737739563,
    0.6000000238418579,
    0.5899999737739563,
    0.6000000238418579,
    0.6000000238418579,
    0.5899999737739563,
    0.5899999737739563,
    0.5899999737739563,
    0.6000000238418579,
    0.6100000143051147,
    0.6100000143051147,
    0.5899999737739563,
    0.5899999737739563,
    0.5799999833106995,
    0.5799999833106995,
    0.5799999833106995,
    0.5899999737739563,
    0.6100000143051147,
    0.6000000238418579,
    0.6100000143051147,
    0.5899999737739563,
    0.5799999833106995,
    0.5799999833106995,
    0.5799999833106995,
    0.5799999833106995,
    0.5799999833106995,
    0.5799999833106995,
    0.5799999833106995,
    0.5799999833106995,
    0.5799999833106995,
    0.5799999833106995,
    0.5799999833106995,
    0.5799999833106995,
    0.5799999833106995,
    0.5799999833106995
  ],
  "lr": [
    9.999999747378752e-05,
    9.999999747378752e-05,
    9.999999747378752e-05,
    9.999999747378752e-05,
    9.999999747378752e-05,
    9.999999747378752e-05,
    9.999999747378752e-05,
    9.999999747378752e-05,
    9.999999747378752e-05,
    9.999999747378752e-05,
    9.999999747378752e-05,
    4.999999873689376e-05,
    4.999999873689376e-05,
    4.999999873689376e-05,
    4.999999873689376e-05,
    4.999999873689376e-05,
    4.999999873689376e-05,
    2.499999936844688e-05,
    2.499999936844688e-05,
    2.499999936844688e-05,
    2.499999936844688e-05,
    2.499999936844688e-05,
    2.499999936844688e-05,
    1.249999968422344e-05,
    1.249999968422344e-05,
    1.249999968422344e-05,
    1.249999968422344e-05,
    1.249999968422344e-05,
    1.249999968422344e-05,
    6.24999984211172e-06,
    6.24999984211172e-06,
    6.24999984211172e-06,
    6.24999984211172e-06,
    6.24999984211172e-06,
    6.24999984211172e-06,
    3.12499992105586e-06,
    3.12499992105586e-06,
    3.12499992105586e-06,
    3.12499992105586e-06,
    3.12499992105586e-06,
    3.12499992105586e-06,
    1.56249996052793e-06,
    1.56249996052793e-06,
    1.56249996052793e-06,
    1.56249996052793e-06,
    1.56249996052793e-06,
    1.56249996052793e-06,
    9.999999974752427e-07,
    9.999999974752427e-07,
    9.999999974752427e-07,
    9.999999974752427e-07,
    9.999999974752427e-07,
    9.999999974752427e-07,
    9.999999974752427e-07,
    9.999999974752427e-07
  ]
}