{
  "loss": [
    1.3316556215286255,
    1.2168779373168945,
    1.044458270072937,
    0.8895396590232849,
    0.7850160002708435,
    0.6704360246658325,
    0.6383364796638489,
    0.5833408236503601,
    0.4998715817928314,
    0.5703372955322266,
    0.48846322298049927,
    0.4895767569541931,
    0.44444969296455383,
    0.46325400471687317,
    0.3606007695198059,
    0.37926626205444336,
    0.4048575162887573,
    0.32001420855522156,
    0.4899066388607025,
    0.3421221971511841,
    0.4552241563796997,
    0.3994986414909363,
    0.3312338590621948,
    0.3245243430137634,
    0.394219309091568,
    0.41428273916244507,
    0.3067694902420044,
    0.27487215399742126,
    0.344361811876297,
    0.2656266391277313,
    0.39474883675575256,
    0.2665862441062927,
    0.27377140522003174,
    0.3083709180355072,
    0.35117200016975403,
    0.3526250720024109,
    0.2442259043455124,
    0.25777143239974976,
    0.31793859601020813,
    0.25947120785713196,
    0.26626038551330566,
    0.24929042160511017,
    0.3047926723957062,
    0.29492172598838806,
    0.28898608684539795,
    0.2590073347091675,
    0.2737472355365753,
    0.3607237637042999,
    0.31455859541893005,
    0.27875226736068726,
    0.2777203321456909,
    0.2485913783311844,
    0.24240288138389587,
    0.258558452129364,
    0.28125452995300293,
    0.3180201053619385,
    0.33074790239334106,
    0.23163363337516785,
    0.2632158696651459,
    0.2552395462989807,
    0.26542171835899353,
    0.2712229788303375,
    0.2988106906414032,
    0.28951296210289
  ],
  "accuracy": [
    0.2199999988079071,
    0.2939999997615814,
    0.4740000069141388,
    0.5720000267028809,
    0.6119999885559082,
    0.6859999895095825,
    0.6520000100135803,
    0.6980000138282776,
    0.7639999985694885,
    0.7200000286102295,
    0.7540000081062317,
    0.7699999809265137,
    0.7979999780654907,
    0.7639999985694885,
    0.8360000252723694,
    0.8140000104904175,
    0.8180000185966492,
    0.8500000238418579,
    0.7680000066757202,
    0.8820000290870667,
    0.8080000281333923,
    0.8199999928474426,
    0.8859999775886536,
    0.8700000047683716,
    0.8379999995231628,
    0.7960000038146973,
    0.871999979019165,
    0.8920000195503235,
    0.8619999885559082,
    0.8799999952316284,
    0.8159999847412109,
    0.8960000276565552,
    0.8920000195503235,
    0.8740000128746033,
    0.8339999914169312,
    0.8619999885559082,
    0.8999999761581421,
    0.8920000195503235,
    0.8859999775886536,
    0.8939999938011169,
    0.8920000195503235,
    0.9079999923706055,
    0.8820000290870667,
    0.8799999952316284,
    0.871999979019165,
    0.9039999842643738,
    0.871999979019165,
    0.8460000157356262,
    0.8859999775886536,
    0.8859999775886536,
    0.9020000100135803,
    0.8899999856948853,
    0.9020000100135803,
    0.9020000100135803,
    0.8799999952316284,
    0.8799999952316284,
    0.8880000114440918,
    0.9160000085830688,
    0.9020000100135803,
    0.8880000114440918,
    0.8939999938011169,
    0.8960000276565552,
    0.8980000019073486,
    0.8840000033378601
  ],
  "val_loss": [
    1.281642198562622,
    1.2455655336380005,
    1.1799157857894897,
    1.0927953720092773,
    0.9753782749176025,
    0.8787906169891357,
    0.8060959577560425,
    0.805255651473999,
    0.7539184093475342,
    0.6905136704444885,
    0.6283727884292603,
    0.6186727285385132,
    0.5419188737869263,
    0.4978758990764618,
    0.5242388844490051,
    0.5331240892410278,
    0.5193349719047546,
    0.42772865295410156,
    0.5547363758087158,
    0.39678260684013367,
    0.44717729091644287,
    0.5026547312736511,
    0.4278395175933838,
    0.49840691685676575,
    0.45992034673690796,
    0.46328791975975037,
    0.4933866858482361,
    0.45480406284332275,
    0.4312005639076233,
    0.44636601209640503,
    0.46283772587776184,
    0.46703040599823,
    0.44565677642822266,
    0.43398749828338623,
    0.447488009929657,
    0.4547685980796814,
    0.4632350504398346,
    0.4735436737537384,
    0.47263556718826294,
    0.47235792875289917,
    0.4723820388317108,
    0.4691137671470642,
    0.46596625447273254,
    0.46566665172576904,
    0.46839356422424316,
    0.4662740230560303,
    0.4635830819606781,
    0.4641059637069702,
    0.46595147252082825,
    0.4731081426143646,
    0.4748924970626831,
    0.4766389727592468,
    0.4777149260044098,
    0.4764307737350464,
    0.4754650890827179,
    0.47405388951301575,
    0.4739351272583008,
    0.47417977452278137,
    0.4754369854927063,
    0.4759082794189453,
    0.4764220416545868,
    0.47538691759109497,
    0.47697770595550537,
    0.4775224030017853
  ],
  "val_accuracy": [
    0.20000000298023224,
    0.20000000298023224,
    0.2800000011920929,
    0.47999998927116394,
    0.6100000143051147,
    0.6299999952316284,
    0.6700000166893005,
    0.6299999952316284,
    0.5099999904632568,
    0.6000000238418579,
    0.7200000286102295,
    0.6200000047683716,
    0.7400000095367432,
    0.8500000238418579,
    0.75,
    0.6700000166893005,
    0.7300000190734863,
    0.75,
    0.7099999785423279,
    0.8199999928474426,
    0.7400000095367432,
    0.7099999785423279,
    0.7400000095367432,
    0.699999988079071,
    0.6399999856948853,
    0.6800000071525574,
    0.6700000166893005,
    0.6800000071525574,
    0.6899999976158142,
    0.6899999976158142,
    0.6800000071525574,
    0.6800000071525574,
    0.699999988079071,
    0.7099999785423279,
    0.6899999976158142,
    0.6899999976158142,
    0.6700000166893005,
    0.6800000071525574,
    0.6700000166893005,
    0.6800000071525574,
    0.6899999976158142,
    0.6899999976158142,
    0.699999988079071,
    0.699999988079071,
    0.6899999976158142,
    0.699999988079071,
    0.699999988079071,
    0.699999988079071,
    0.699999988079071,
    0.699999988079071,
    0.6899999976158142,
    0.6899999976158142,
    0.6899999976158142,
    0.6899999976158142,
    0.6899999976158142,
    0.6899999976158142,
    0.6899999976158142,
    0.699999988079071,
    0.6899999976158142,
    0.6899999976158142,
    0.6899999976158142,
    0.6899999976158142,
    0.6899999976158142,
    0.6899999976158142
  ],