{
  "loss": [
    1.2934104204177856,
    1.1962937116622925,
    1.0313456058502197,
    0.9368084073066711,
    0.8548905253410339,
    0.8008374571800232,
    0.6669816970825195,
    0.6336570382118225,
    0.5450931787490845,
    0.5731750130653381,
    0.49580878019332886,
    0.5970208048820496,
    0.43618834018707275,
    0.47572049498558044,
    0.4717364013195038,
    0.39351725578308105,
    0.48119720816612244,
    0.4450400769710541,
    0.426791787147522,
    0.46955251693725586,
    0.4421956241130829,
    0.37604963779449463,
    0.4921603500843048,
    0.38115033507347107,
    0.4877522587776184,
    0.4228284955024719,
    0.3366042971611023,
    0.3157164454460144,
    0.3439190983772278,
    0.3708074390888214,
    0.41869238018989563,
    0.40649062395095825,
    0.3016335964202881,
    0.3507034182548523,
    0.31918221712112427,
    0.3731206953525543,
    0.37577617168426514,
    0.3599229156970978,
    0.3569222092628479,
    0.32214149832725525,
    0.3621610403060913,
    0.30200499296188354,
    0.34394803643226624,
    0.3091680407524109,
    0.27582472562789917,
    0.27812421321868896,
    0.26994165778160095,
    0.32785728573799133,
    0.3956959843635559,
    0.28440624475479126,
    0.33339282870292664,
    0.33513182401657104,
    0.2797224521636963,
    0.33198001980781555,
    0.31584975123405457,
    0.27098050713539124,
    0.39809125661849976,
    0.26313501596450806,
    0.29786917567253113,
    0.34407901763916016,
    0.3645681142807007,
    0.3093297481536865,
    0.2650454044342041,
    0.2585243284702301,
    0.28702765703201294,
    0.2821362614631653,
    0.28028109669685364,
    0.3035740852355957,
    0.29751989245414734,
    0.3923434913158417,
    0.30402854084968567,
    0.2727397084236145,
    0.3266286849975586,
    0.3086627721786499,
    0.2929578125476837
  ],
  "accuracy": [
    0.24199999868869781,
    0.34599998593330383,
    0.4699999988079071,
    0.5360000133514404,
    0.5759999752044678,
    0.621999979019165,
    0.6399999856948853,
    0.7059999704360962,
    0.7239999771118164,
    0.7239999771118164,
    0.7580000162124634,
    0.6779999732971191,
    0.7979999780654907,
    0.7580000162124634,
    0.7680000066757202,
    0.800000011920929,
    0.7620000243186951,
    0.7799999713897705,
    0.8140000104904175,
    0.7699999809265137,
    0.7960000038146973,
    0.8240000009536743,
    0.7940000295639038,
    0.8320000171661377,
    0.7879999876022339,
    0.8299999833106995,
    0.8560000061988831,
    0.8539999723434448,
    0.8519999980926514,
    0.8240000009536743,
    0.8019999861717224,
    0.8320000171661377,
    0.8759999871253967,
    0.8539999723434448,
    0.8600000143051147,
    0.8379999995231628,
    0.8579999804496765,
    0.8519999980926514,
    0.843999981880188,
    0.8820000290870667,
    0.8299999833106995,
    0.871999979019165,
    0.8479999899864197,
    0.8579999804496765,
    0.8880000114440918,
    0.8980000019073486,
    0.8899999856948853,
    0.8640000224113464,
    0.8140000104904175,
    0.8999999761581421,
    0.8519999980926514,
    0.8840000033378601,
    0.8960000276565552,
    0.8460000157356262,
    0.8820000290870667,
    0.8999999761581421,
    0.8420000076293945,
    0.8999999761581421,
    0.871999979019165,
    0.8640000224113464,
    0.8460000157356262,
    0.8759999871253967,
    0.8920000195503235,
    0.9120000004768372,
    0.8820000290870667,
    0.8899999856948853,
    0.8820000290870667,
    0.8920000195503235,
    0.8820000290870667,
    0.8240000009536743,
    0.8880000114440918,
    0.9039999842643738,
    0.871999979019165,
    0.8740000128746033,
    0.8999999761581421
  ],
  "val_loss": [
    1.2789758443832397,
    1.248317003250122,
    1.1965117454528809,
    1.1252413988113403,
    1.0469882488250732,
    0.9661775231361389,
    0.9254009127616882,
    0.8977766633033752,
    0.7836799621582031,
    0.773539125919342,
    0.7456700205802917,
    0.6781883239746094,
    0.735494077205658,
    0.6245617866516113,
    0.5892665386199951,
    0.5840030908584595,
    0.5930669903755188,
    0.5366806983947754,
    0.4770645201206207,
    0.4575166404247284,
    0.4811467230319977,
    0.4628351628780365,
    0.4244563579559326,
    0.408964067697525,
    0.3808279037475586,
    0.37850961089134216,
    0.3947875201702118,
    0.3954942226409912,
    0.39870041608810425,
    0.4255928099155426,
    0.3921946585178375,
    0.36818012595176697,
    0.356170117855072,
    0.3699687123298645,
    0.3966086208820343,
    0.36533454060554504,
    0.3279739320278168,
    0.3296017348766327,
    0.3396553099155426,
    0.32737305760383606,
    0.32313835620880127,
    0.32798805832862854,
    0.32971563935279846,
    0.32644617557525635,
    0.3243827819824219,
    0.3185921907424927,
    0.31524658203125,
    0.31156691908836365,
    0.3104526102542877,
    0.30858391523361206,
    0.309302419424057,
    0.3099949359893799,
    0.3104514181613922,
    0.3092791736125946,
    0.3107966482639313,
    0.3110005557537079,
    0.30933868885040283,
    0.3087034225463867,
    0.308076947927475,
    0.30720245838165283,
    0.3065223693847656,
    0.30644530057907104,
    0.30575087666511536,
    0.30576491355895996,
    0.3050425052642822,
    0.30455300211906433,
    0.3045336902141571,
    0.30385923385620117,
    0.3038448691368103,
    0.30335891246795654,
    0.3026844561100006,
    0.3023025393486023,
    0.30192676186561584,
    0.30111369490623474,
    0.3006569743156433
  ],
  "val_accuracy": [
    0.20000000298023224,
    0.36000001430511475,
    0.49000000953674316,
    0.5899999737739563,
    0.5899999737739563,
    0.6800000071525574,
    0.5699999928474426,
    0.5699999928474426,
    0.6200000047683716,
    0.5799999833106995,
    0.5899999737739563,
    0.6600000262260437,
    0.5699999928474426,
    0.6800000071525574,
    0.7099999785423279,
    0.7099999785423279,
    0.699999988079071,
    0.7200000286102295,
    0.7799999713897705,
    0.8100000023841858,
    0.7699999809265137,
    0.7699999809265137,
    0.7900000214576721,
    0.7900000214576721,
    0.8399999737739563,
    0.8299999833106995,
    0.8100000023841858,
    0.8100000023841858,
    0.800000011920929,
    0.7900000214576721,
    0.800000011920929,
    0.8100000023841858,
    0.8399999737739563,
    0.8199999928474426,
    0.7900000214576721,
    0.8199999928474426,
    0.8299999833106995,
    0.8299999833106995,
    0.8199999928474426,
    0.8399999737739563,
    0.8399999737739563,
    0.8299999833106995,
    0.8399999737739563,
    0.8399999737739563,
    0.8399999737739563,
    0.8399999737739563,
    0.8399999737739563,
    0.8399999737739563,
    0.8399999737739563,
    0.8399999737739563,
    0.8399999737739563,
    0.8399999737739563,
    0.8399999737739563,
    0.8399999737739563,
    0.8399999737739563,
    0.8399999737739563,
    0.8399999737739563,
    0.8399999737739563,
    0.8399999737739563,
    0.8399999737739563,
    0.8399999737739563,
    0.8399999737739563,
    0.8399999737739563,
    0.8399999737739563,
    0.8399999737739563,
    0.8399999737739563,
    0.8399999737739563,
    0.8399999737739563,
    0.8399999737739563,
    0.8399999737739563,
    0.8399999737739563,
    0.8399999737739563,
    0.8399999737739563,
    0.8399999737739563,
    0.8399999737739563
  ],