{
  "loss": [
    1.8528567552566528,
    1.5903266668319702,
    1.4723625183105469,
    1.332882046699524,
    1.235730767250061,
    1.0779317617416382,
    1.0125041007995605,
    0.9624547362327576,
    0.9639101028442383,
    0.8337157368659973,
    0.7960564494132996,
    0.770891547203064,
    0.7425605058670044,
    0.7870196104049683,
    0.7567592859268188,
    0.8393259644508362,
    0.8154858946800232,
    0.6842694282531738,
    0.6782950162887573,
    0.6784639954566956,
    0.8531570434570312,
    0.6880543828010559,
    0.6339164972305298,
    0.759051501750946,
    0.653081476688385,
    0.5853520631790161,
    0.7781871557235718,
    0.6286752820014954,
    0.6308614015579224,
    0.6606346368789673,
    0.7006849646568298,
    0.7081369757652283,
    0.5936263799667358,
    0.6248152852058411
  ],
  "accuracy": [
    0.2919999957084656,
    0.3659999966621399,
    0.46000000834465027,
    0.5360000133514404,
    0.6000000238418579,
    0.6819999814033508,
    0.7379999756813049,
    0.7319999933242798,
    0.7599999904632568,
    0.7820000052452087,
    0.8019999861717224,
    0.8320000171661377,
    0.8360000252723694,
    0.8240000009536743,
    0.8360000252723694,
    0.8140000104904175,
    0.8320000171661377,
    0.8840000033378601,
    0.8759999871253967,
    0.878000020980835,
    0.7960000038146973,
    0.871999979019165,
    0.9020000100135803,
    0.8539999723434448,
    0.8960000276565552,
    0.9100000262260437,
    0.828000009059906,
    0.8920000195503235,
    0.8939999938011169,
    0.8820000290870667,
    0.8500000238418579,
    0.8560000061988831,
    0.8899999856948853,
    0.9020000100135803
  ],
  "val_loss": [
    1.7538142204284668,
    1.5808782577514648,
    1.4412791728973389,
    1.3331665992736816,
    1.2621229887008667,
    1.1794099807739258,
    1.1603904962539673,
    1.0905698537826538,
    1.086389183998108,
    1.072751522064209,
    1.0826207399368286,
    1.1582988500595093,
    1.2005109786987305,
    1.1984752416610718,
    1.2394291162490845,
    1.2160930633544922,
    1.2424484491348267,
    1.251265048980713,
    1.2478450536727905,
    1.2462161779403687,
    1.313950777053833,
    1.2971506118774414,
    1.3221886157989502,
    1.3218200206756592,
    1.3090202808380127,
    1.2922612428665161,
    1.3493651151657104,
    1.3536627292633057,
    1.360438346862793,
    1.396288275718689,
    1.3696621656417847,
    1.3361114263534546,
    1.3388410806655884,
    1.3403619527816772
  ],
  "val_accuracy": [
    0.4099999964237213,
    0.5099999904632568,
    0.5899999737739563,
    0.5600000023841858,
    0.6200000047683716,
    0.6200000047683716,
    0.5699999928474426,
    0.6299999952316284,
    0.6600000262260437,
    0.6499999761581421,
    0.6399999856948853,
    0.5699999928474426,
    0.5600000023841858,
    0.5899999737739563,
    0.5699999928474426,
    0.5899999737739563,
    0.5899999737739563,
    0.5799999833106995,
    0.5899999737739563,
    0.5899999737739563,
    0.5799999833106995,
    0.5799999833106995,
    0.5699999928474426,
    0.5799999833106995,
    0.5699999928474426,
    0.5799999833106995,
    0.5799999833106995,
    0.5799999833106995,
    0.5899999737739563,
    0.5699999928474426,
    0.5699999928474426,
    0.5799999833106995,
    0.5799999833106995,
    0.5799999833106995
  ],
  "lr": [
    9.999999747378752e-05,
    9.999999747378752e-05,
    9.999999747378752e-05,
    9.999999747378752e-05,
    9.999999747378752e-05,
    9.999999747378752e-05,
    9.999999747378752e-05,
    9.999999747378752e-05,
    9.999999747378752e-05,
    9.999999747378752e-05,
    9.999999747378752e-05,
    9.999999747378752e-05,
    9.999999747378752e-05,
    9.999999747378752e-05,
    9.999999747378752e-05,
    4.999999873689376e-05,
    4.999999873689376e-05,
    4.999999873689376e-05,
    4.999999873689376e-05,
    4.999999873689376e-05,
    4.999999873689376e-05,
    2.499999936844688e-05,
    2.499999936844688e-05,
    2.499999936844688e-05,
    2.499999936844688e-05,
    2.499999936844688e-05,
    2.499999936844688e-05,
    1.249999968422344e-05,
    1.249999968422344e-05,
    1.249999968422344e-05,
    1.249999968422344e-05,
    1.249999968422344e-05,
    1.249999968422344e-05,
    6.24999984211172e-06
  ]
}