{
  "0": {
    "precision": 0.6666666666666666,
    "recall": 0.7,
    "f1-score": 0.6829268292682926,
    "support": 20.0
  },
  "1": {
    "precision": 0.95,
    "recall": 0.95,
    "f1-score": 0.9500000000000001,
    "support": 20.0
  },
  "2": {
    "precision": 0.6896551724137931,
    "recall": 1.0,
    "f1-score": 0.8163265306122449,
    "support": 20.0
  },
  "3": {
    "precision": 0.0,
    "recall": 0.0,
    "f1-score": 0.0,
    "support": 20.0
  },
  "4": {
    "precision": 0.5333333333333333,
    "recall": 0.8,
    "f1-score": 0.64,
    "support": 20.0
  },
  "accuracy": 0.69,
  "macro avg": {
    "precision": 0.5679310344827586,
    "recall": 0.6900000000000001,
    "f1-score": 0.6178506719761075,
    "support": 100.0
  },
  "weighted avg": {
    "precision": 0.5679310344827586,
    "recall": 0.69,
    "f1-score": 0.6178506719761074,
    "support": 100.0
  }
}