{
  "loss": [
    1.885705828666687,
    1.6981645822525024,
    1.5415946245193481,
    1.4049029350280762,
    1.2322027683258057,
    1.1174070835113525,
    1.0370378494262695,
    1.0039223432540894,
    0.9897961616516113,
    0.9320312738418579,
    0.7940068244934082,
    0.8756948709487915,
    0.7997266054153442,
    0.7633467316627502,
    0.7893152832984924,
    0.7418115139007568,
    0.774219810962677,
    0.714012622833252,
    0.7124890089035034,
    0.6691925525665283,
    0.6979197859764099,
    0.741568922996521,
    0.604677140712738,
    0.6076411008834839,
    0.7267318367958069,
    0.767195999622345,
    0.6128008365631104,
    0.5615341067314148,
    0.49674373865127563,
    0.5258589386940002,
    0.5908517241477966,
    0.630331814289093,
    0.579730212688446,
    0.5396348237991333,
    0.5555803775787354,
    0.6849891543388367,
    0.5224120020866394,
    0.5017746090888977,
    0.7263637781143188,
    0.5650120377540588,
    0.5888429880142212,
    0.5136576890945435,
    0.6172296404838562,
    0.7556027173995972,
    0.49196040630340576,
    0.5409572124481201,
    0.5105037689208984,
    0.5806080102920532,
    0.4499453604221344,
    0.5784718990325928,
    0.5267230272293091,
    0.5055854320526123
  ],
  "accuracy": [
    0.2840000092983246,
    0.328000009059906,
    0.4099999964237213,
    0.49799999594688416,
    0.6079999804496765,
    0.6240000128746033,
    0.7139999866485596,
    0.75,
    0.7179999947547913,
    0.7440000176429749,
    0.7940000295639038,
    0.7900000214576721,
    0.7900000214576721,
    0.8399999737739563,
    0.8259999752044678,
    0.8500000238418579,
    0.8140000104904175,
    0.8320000171661377,
    0.8539999723434448,
    0.8619999885559082,
    0.8519999980926514,
    0.8460000157356262,
    0.8840000033378601,
    0.9020000100135803,
    0.8740000128746033,
    0.8560000061988831,
    0.8999999761581421,
    0.9240000247955322,
    0.9319999814033508,
    0.9340000152587891,
    0.906000018119812,
    0.9120000004768372,
    0.9100000262260437,
    0.9160000085830688,
    0.921999990940094,
    0.8880000114440918,
    0.9419999718666077,
    0.9300000071525574,
    0.871999979019165,
    0.9380000233650208,
    0.9300000071525574,
    0.9419999718666077,
    0.9139999747276306,
    0.8679999709129333,
    0.949999988079071,
    0.9279999732971191,
    0.9319999814033508,
    0.9200000166893005,
    0.9639999866485596,
    0.9200000166893005,
    0.9419999718666077,
    0.9459999799728394
  ],
  "val_loss": [
    1.5769075155258179,
    1.5118927955627441,
    1.5078959465026855,
    1.5053271055221558,
    1.4395053386688232,
    1.4755854606628418,
    1.5068953037261963,
    1.3590091466903687,
    1.329341173171997,
    1.3209900856018066,
    1.363702416419983,
    1.340762734413147,
    1.410927414894104,
    1.245457649230957,
    1.3998191356658936,
    1.2726099491119385,
    1.300351858139038,
    1.2535405158996582,
    1.2909438610076904,
    1.1899739503860474,
    1.1610746383666992,
    1.22089684009552,
    1.122326374053955,
    1.178757667541504,
    1.1907145977020264,
    1.2448389530181885,
    1.1800625324249268,
    1.2604143619537354,
    1.2446995973587036,
    1.3078900575637817,
    1.3585598468780518,
    1.185689926147461,
    1.1928666830062866,
    1.228123664855957,
    1.227765679359436,
    1.3176249265670776,
    1.2498936653137207,
    1.2196210622787476,
    1.2314432859420776,
    1.2620317935943604,
    1.2656983137130737,
    1.2530616521835327,
    1.202892780303955,
    1.2152369022369385,
    1.2376402616500854,
    1.2286863327026367,
    1.2396447658538818,
    1.254469633102417,
    1.2310198545455933,
    1.2421890497207642,
    1.231581211090088,
    1.2324053049087524
  ],
  "val_accuracy": [
    0.3100000023841858,
    0.3700000047683716,
    0.27000001072883606,
    0.3700000047683716,
    0.44999998807907104,
    0.46000000834465027,
    0.44999998807907104,
    0.5299999713897705,
    0.5099999904632568,
    0.5199999809265137,
    0.550000011920929,
    0.550000011920929,
    0.5299999713897705,
    0.6200000047683716,
    0.5600000023841858,
    0.5899999737739563,
    0.6100000143051147,
    0.6200000047683716,
    0.6000000238418579,
    0.6399999856948853,
    0.6800000071525574,
    0.6499999761581421,
    0.6499999761581421,
    0.6800000071525574,
    0.6600000262260437,
    0.6600000262260437,
    0.6899999976158142,
    0.6700000166893005,
    0.6899999976158142,
    0.6600000262260437,
    0.6000000238418579,
    0.6899999976158142,
    0.6899999976158142,
    0.6899999976158142,
    0.6800000071525574,
    0.6700000166893005,
    0.6700000166893005,
    0.6700000166893005,
    0.6600000262260437,
    0.6499999761581421,
    0.6800000071525574,
    0.6700000166893005,
    0.6800000071525574,
    0.6800000071525574,
    0.6700000166893005,
    0.6700000166893005,
    0.6700000166893005,
    0.6700000166893005,
    0.6600000262260437,
    0.6700000166893005,
    0.6800000071525574,
    0.6800000071525574
  ],
  "lr": [
    9.999999747378752e-05,
    9.999999747378752e-05,
    9.999999747378752e-05,
    9.999999747378752e-05,
    9.999999747378752e-05,
    9.999999747378752e-05,
    9.999999747378752e-05,
    9.999999747378752e-05,
    9.999999747378752e-05,
    9.999999747378752e-05,
    9.999999747378752e-05,
    9.999999747378752e-05,
    9.999999747378752e-05,
    9.999999747378752e-05,
    9.999999747378752e-05,
    9.999999747378752e-05,
    9.999999747378752e-05,
    9.999999747378752e-05,
    9.999999747378752e-05,
    9.999999747378752e-05,
    9.999999747378752e-05,
    9.999999747378752e-05,
    9.999999747378752e-05,
    9.999999747378752e-05,
    9.999999747378752e-05,
    9.999999747378752e-05,
    9.999999747378752e-05,
    9.999999747378752e-05,
    9.999999747378752e-05,
    9.999999747378752e-05,
    9.999999747378752e-05,
    9.999999747378752e-05,
    9.999999747378752e-05,
    4.999999873689376e-05,
    4.999999873689376e-05,
    4.999999873689376e-05,
    4.999999873689376e-05,
    4.999999873689376e-05,
    4.999999873689376e-05,
    2.499999936844688e-05,
    2.499999936844688e-05,
    2.499999936844688e-05,
    2.499999936844688e-05,
    2.499999936844688e-05,
    2.499999936844688e-05,
    1.249999968422344e-05,
    1.249999968422344e-05,
    1.249999968422344e-05,
    1.249999968422344e-05,
    1.249999968422344e-05,
    1.249999968422344e-05,
    6.24999984211172e-06
  ]
}