{
  "0": {
    "precision": 0.7058823529411765,
    "recall": 0.6,
    "f1-score": 0.6486486486486486,
    "support": 20.0
  },
  "1": {
    "precision": 0.9523809523809523,
    "recall": 1.0,
    "f1-score": 0.975609756097561,
    "support": 20.0
  },
  "2": {
    "precision": 1.0,
    "recall": 0.9,
    "f1-score": 0.9473684210526316,
    "support": 20.0
  },
  "3": {
    "precision": 0.6538461538461539,
    "recall": 0.85,
    "f1-score": 0.7391304347826088,
    "support": 20.0
  },
  "4": {
    "precision": 0.9444444444444444,
    "recall": 0.85,
    "f1-score": 0.8947368421052632,
    "support": 20.0
  },
  "accuracy": 0.84,
  "macro avg": {
    "precision": 0.8513107807225454,
    "recall": 0.8400000000000001,
    "f1-score": 0.8410988205373426,
    "support": 100.0
  },
  "weighted avg": {
    "precision": 0.8513107807225454,
    "recall": 0.84,
    "f1-score": 0.8410988205373425,
    "support": 100.0
  }
}