{
  "loss": [
    1.8470485210418701,
    1.565285563468933,
    1.41506028175354,
    1.2821154594421387,
    1.165505051612854,
    1.1446115970611572,
    1.05254328250885,
    0.944718599319458,
    0.9190192818641663,
    0.9358673095703125,
    0.8254080414772034,
    0.8177707195281982,
    0.9188847541809082,
    0.9028151035308838,
    0.7682124376296997,
    0.8642587661743164,
    0.741995632648468,
    0.7292619347572327,
    0.7437246441841125,
    0.6252167224884033,
    0.636773943901062,
    0.6092423796653748,
    0.5782841444015503,
    0.7135911583900452,
    0.694700300693512,
    0.6778680086135864,
    0.6427288055419922,
    0.6148338913917542,
    0.604408860206604,
    0.5341459512710571,
    0.5382700562477112,
    0.6737412810325623,
    0.5680583119392395,
    0.5689597725868225,
    0.5615152716636658,
    0.6736195683479309,
    0.6414868235588074,
    0.5418345928192139,
    0.6106727719306946,
    0.5389843583106995,
    0.7114962339401245
  ],
  "accuracy": [
    0.24199999868869781,
    0.4059999883174896,
    0.4659999907016754,
    0.5540000200271606,
    0.6060000061988831,
    0.6520000100135803,
    0.6679999828338623,
    0.7379999756813049,
    0.7720000147819519,
    0.7580000162124634,
    0.7940000295639038,
    0.8119999766349792,
    0.7879999876022339,
    0.777999997138977,
    0.8539999723434448,
    0.7799999713897705,
    0.8600000143051147,
    0.871999979019165,
    0.871999979019165,
    0.8939999938011169,
    0.8679999709129333,
    0.8999999761581421,
    0.8980000019073486,
    0.8640000224113464,
    0.878000020980835,
    0.8859999775886536,
    0.8880000114440918,
    0.8899999856948853,
    0.8999999761581421,
    0.921999990940094,
    0.9240000247955322,
    0.8820000290870667,
    0.9160000085830688,
    0.9259999990463257,
    0.921999990940094,
    0.8700000047683716,
    0.9020000100135803,
    0.9160000085830688,
    0.8899999856948853,
    0.9179999828338623,
    0.9020000100135803
  ],
  "val_loss": [
    1.5599236488342285,
    1.4434194564819336,
    1.337308406829834,
    1.2553972005844116,
    1.1884373426437378,
    1.1061451435089111,
    1.0886584520339966,
    1.0496551990509033,
    1.011172890663147,
    0.9006513953208923,
    0.9365768432617188,
    0.8768888711929321,
    0.9088424444198608,
    0.8339778184890747,
    0.8334579467773438,
    0.7633915543556213,
    0.8305217027664185,
    0.808156430721283,
    0.8025450110435486,
    0.7476583123207092,
    0.7986509203910828,
    0.7686352729797363,
    0.7393186092376709,
    0.7144401669502258,
    0.7334953546524048,
    0.7091753482818604,
    0.7351424694061279,
    0.765297532081604,
    0.7564128637313843,
    0.7437754273414612,
    0.7368050217628479,
    0.7316383123397827,
    0.7233453392982483,
    0.7299945950508118,
    0.7329006195068359,
    0.720369279384613,
    0.720798134803772,
    0.7169361710548401,
    0.724814772605896,
    0.7214199900627136,
    0.7237411737442017
  ],
  "val_accuracy": [
    0.33000001311302185,
    0.46000000834465027,
    0.46000000834465027,
    0.5600000023841858,
    0.6000000238418579,
    0.6399999856948853,
    0.6600000262260437,
    0.6899999976158142,
    0.6899999976158142,
    0.7400000095367432,
    0.7200000286102295,
    0.7300000190734863,
    0.699999988079071,
    0.7799999713897705,
    0.7400000095367432,
    0.8399999737739563,
    0.7900000214576721,
    0.7799999713897705,
    0.7699999809265137,
    0.800000011920929,
    0.8100000023841858,
    0.800000011920929,
    0.800000011920929,
    0.8100000023841858,
    0.7900000214576721,
    0.8199999928474426,
    0.8100000023841858,
    0.8100000023841858,
    0.8100000023841858,
    0.800000011920929,
    0.8100000023841858,
    0.8199999928474426,
    0.8199999928474426,
    0.8199999928474426,
    0.800000011920929,
    0.8100000023841858,
    0.8199999928474426,
    0.8299999833106995,
    0.8299999833106995,
    0.8299999833106995,
    0.8299999833106995
  ],
  "lr": [
    9.999999747378752e-05,
    9.999999747378752e-05,
    9.999999747378752e-05,
    9.999999747378752e-05,
    9.999999747378752e-05,
    9.999999747378752e-05,
    9.999999747378752e-05,
    9.999999747378752e-05,
    9.999999747378752e-05,
    9.999999747378752e-05,
    9.999999747378752e-05,
    9.999999747378752e-05,
    9.999999747378752e-05,
    9.999999747378752e-05,
    9.999999747378752e-05,
    9.999999747378752e-05,
    9.999999747378752e-05,
    9.999999747378752e-05,
    9.999999747378752e-05,
    9.999999747378752e-05,
    9.999999747378752e-05,
    9.999999747378752e-05,
    4.999999873689376e-05,
    4.999999873689376e-05,
    4.999999873689376e-05,
    4.999999873689376e-05,
    4.999999873689376e-05,
    4.999999873689376e-05,
    2.499999936844688e-05,
    2.499999936844688e-05,
    2.499999936844688e-05,
    2.499999936844688e-05,
    2.499999936844688e-05,
    2.499999936844688e-05,
    1.249999968422344e-05,
    1.249999968422344e-05,
    1.249999968422344e-05,
    1.249999968422344e-05,
    1.249999968422344e-05,
    1.249999968422344e-05,
    6.24999984211172e-06
  ]
}