{
  "0": {
    "precision": 0.6785714285714286,
    "recall": 0.95,
    "f1-score": 0.7916666666666667,
    "support": 20.0
  },
  "1": {
    "precision": 0.9090909090909091,
    "recall": 1.0,
    "f1-score": 0.9523809523809523,
    "support": 20.0
  },
  "2": {
    "precision": 1.0,
    "recall": 0.65,
    "f1-score": 0.787878787878788,
    "support": 20.0
  },
  "3": {
    "precision": 0.7777777777777778,
    "recall": 0.7,
    "f1-score": 0.7368421052631577,
    "support": 20.0
  },
  "4": {
    "precision": 1.0,
    "recall": 0.95,
    "f1-score": 0.9743589743589743,
    "support": 20.0
  },
  "accuracy": 0.85,
  "macro avg": {
    "precision": 0.8730880230880231,
    "recall": 0.85,
    "f1-score": 0.8486254973097079,
    "support": 100.0
  },
  "weighted avg": {
    "precision": 0.8730880230880231,
    "recall": 0.85,
    "f1-score": 0.8486254973097078,
    "support": 100.0
  }
}