{
  "loss": [
    1.5399105548858643,
    1.2668625116348267,
    1.1496281623840332,
    0.9712011814117432,
    0.8965710997581482,
    0.8216818571090698,
    0.7561014890670776,
    0.6761006712913513,
    0.6097099184989929,
    0.538972795009613,
    0.5140492916107178,
    0.4564369022846222,
    0.4319545030593872,
    0.4510273337364197,
    0.4096911549568176,
    0.3631681501865387,
    0.36652156710624695,
    0.3465121388435364,
    0.43034493923187256,
    0.3260871171951294,
    0.31157130002975464,
    0.36040201783180237,
    0.29787200689315796,
    0.3087121844291687,
    0.35314252972602844,
    0.3784925639629364,
    0.2725270986557007,
    0.3849177062511444,
    0.2469477653503418,
    0.2704858183860779,
    0.2865203022956848,
    0.24659866094589233,
    0.31607502698898315,
    0.33433040976524353,
    0.41291195154190063,
    0.27682730555534363,
    0.27858272194862366,
    0.3062760531902313,
    0.2557618021965027,
    0.2988183796405792
  ],
  "accuracy": [
    0.20000000298023224,
    0.3199999928474426,
    0.3540000021457672,
    0.4620000123977661,
    0.47200000286102295,
    0.5419999957084656,
    0.5740000009536743,
    0.6299999952316284,
    0.6679999828338623,
    0.7120000123977661,
    0.7559999823570251,
    0.7919999957084656,
    0.777999997138977,
    0.7739999890327454,
    0.7960000038146973,
    0.8259999752044678,
    0.8339999914169312,
    0.8220000267028809,
    0.800000011920929,
    0.8420000076293945,
    0.8479999899864197,
    0.843999981880188,
    0.8679999709129333,
    0.8759999871253967,
    0.8479999899864197,
    0.8259999752044678,
    0.8659999966621399,
    0.8360000252723694,
    0.8939999938011169,
    0.871999979019165,
    0.8799999952316284,
    0.8880000114440918,
    0.8679999709129333,
    0.8539999723434448,
    0.8259999752044678,
    0.8840000033378601,
    0.8799999952316284,
    0.8479999899864197,
    0.8960000276565552,
    0.8880000114440918
  ],
  "val_loss": [
    1.1649426221847534,
    1.0408352613449097,
    0.9467515349388123,
    0.8538703322410583,
    0.7848819494247437,
    0.7204908728599548,
    0.6336075067520142,
    0.6087691783905029,
    0.5608140826225281,
    0.5395366549491882,
    0.48531630635261536,
    0.4534395933151245,
    0.46111539006233215,
    0.43179893493652344,
    0.42102301120758057,
    0.43099290132522583,
    0.42514851689338684,
    0.43637633323669434,
    0.44448116421699524,
    0.4211835563182831,
    0.4821051061153412,
    0.46489986777305603,
    0.41529399156570435,
    0.39170101284980774,
    0.4211045205593109,
    0.41906753182411194,
    0.4319005310535431,
    0.4159621298313141,
    0.4305623769760132,
    0.42187389731407166,
    0.415118932723999,
    0.43495872616767883,
    0.42819535732269287,
    0.424869567155838,
    0.4153643548488617,
    0.4244106411933899,
    0.4271453022956848,
    0.4449330270290375,
    0.416061669588089,
    0.4132981598377228
  ],
  "val_accuracy": [
    0.4099999964237213,
    0.4699999988079071,
    0.5699999928474426,
    0.5099999904632568,
    0.6000000238418579,
    0.5899999737739563,
    0.7599999904632568,
    0.7400000095367432,
    0.7699999809265137,
    0.7300000190734863,
    0.7599999904632568,
    0.800000011920929,
    0.7900000214576721,
    0.8399999737739563,
    0.8500000238418579,
    0.8299999833106995,
    0.8199999928474426,
    0.8100000023841858,
    0.7799999713897705,
    0.8100000023841858,
    0.7699999809265137,
    0.800000011920929,
    0.800000011920929,
    0.8199999928474426,
    0.8100000023841858,
    0.800000011920929,
    0.800000011920929,
    0.800000011920929,
    0.7900000214576721,
    0.800000011920929,
    0.8100000023841858,
    0.7799999713897705,
    0.7900000214576721,
    0.800000011920929,
    0.8100000023841858,
    0.800000011920929,
    0.7900000214576721,
    0.7799999713897705,
    0.8100000023841858,
    0.8100000023841858
  ],
  "lr": [
    9.999999747378752e-05,
    9.999999747378752e-05,
    9.999999747378752e-05,
    9.999999747378752e-05,
    9.999999747378752e-05,
    9.999999747378752e-05,
    9.999999747378752e-05,
    9.999999747378752e-05,
    9.999999747378752e-05,
    9.999999747378752e-05,
    9.999999747378752e-05,
    9.999999747378752e-05,
    9.999999747378752e-05,
    9.999999747378752e-05,
    9.999999747378752e-05,
    9.999999747378752e-05,
    9.999999747378752e-05,
    9.999999747378752e-05,
    9.999999747378752e-05,
    9.999999747378752e-05,
    9.999999747378752e-05,
    4.999999873689376e-05,
    4.999999873689376e-05,
    4.999999873689376e-05,
    4.999999873689376e-05,
    4.999999873689376e-05,
    4.999999873689376e-05,
    2.499999936844688e-05,
    2.499999936844688e-05,
    2.499999936844688e-05,
    2.499999936844688e-05,
    2.499999936844688e-05,
    2.499999936844688e-05,
    1.249999968422344e-05,
    1.249999968422344e-05,
    1.249999968422344e-05,
    1.249999968422344e-05,
    1.249999968422344e-05,
    1.249999968422344e-05,
    6.24999984211172e-06
  ]
}