{
  "0": {
    "precision": 0.64,
    "recall": 0.8,
    "f1-score": 0.7111111111111111,
    "support": 20.0
  },
  "1": {
    "precision": 1.0,
    "recall": 1.0,
    "f1-score": 1.0,
    "support": 20.0
  },
  "2": {
    "precision": 0.8947368421052632,
    "recall": 0.85,
    "f1-score": 0.8717948717948718,
    "support": 20.0
  },
  "3": {
    "precision": 0.7777777777777778,
    "recall": 0.35,
    "f1-score": 0.48275862068965514,
    "support": 20.0
  },
  "4": {
    "precision": 0.7407407407407407,
    "recall": 1.0,
    "f1-score": 0.851063829787234,
    "support": 20.0
  },
  "accuracy": 0.8,
  "macro avg": {
    "precision": 0.8106510721247563,
    "recall": 0.8,
    "f1-score": 0.7833456866765744,
    "support": 100.0
  },
  "weighted avg": {
    "precision": 0.8106510721247563,
    "recall": 0.8,
    "f1-score": 0.7833456866765743,
    "support": 100.0
  }
}