{
  "loss": [
    1.3568142652511597,
    1.1227232217788696,
    0.983919620513916,
    0.7876442074775696,
    0.6644338965415955,
    0.5998312830924988,
    0.5338929295539856,
    0.5037581920623779,
    0.4657476842403412,
    0.3869214355945587,
    0.4222870171070099,
    0.3755861222743988,
    0.45409736037254333,
    0.39526787400245667,
    0.34298086166381836,
    0.4083508849143982,
    0.3359827995300293,
    0.34463080763816833,
    0.32878994941711426,
    0.27652859687805176,
    0.34890085458755493,
    0.29217755794525146,
    0.33323273062705994,
    0.25692617893218994,
    0.28051912784576416,
    0.2494421899318695,
    0.2591114938259125,
    0.23199152946472168,
    0.3090454041957855,
    0.2590276300907135,
    0.24419337511062622,
    0.22447723150253296,
    0.2207375168800354,
    0.2659916579723358,
    0.22748678922653198,
    0.19881775975227356,
    0.2500351369380951,
    0.21245236694812775,
    0.2710340917110443,
    0.21299508213996887,
    0.23884133994579315,
    0.3137306571006775,
    0.17972815036773682,
    0.2168058305978775,
    0.23983214795589447,
    0.20202746987342834,
    0.2604578733444214,
    0.217058926820755,
    0.1751987785100937,
    0.237548828125,
    0.20066823065280914,
    0.26432740688323975,
    0.2707119584083557,
    0.20759440958499908,
    0.19585148990154266,
    0.19983869791030884,
    0.1836865246295929,
    0.22520168125629425,
    0.17980080842971802,
    0.1839449107646942,
    0.2226284146308899,
    0.1972571760416031,
    0.23500239849090576,
    0.19620423018932343,
    0.1932424157857895,
    0.22150272130966187,
    0.209363654255867,
    0.19063498079776764,
    0.21522125601768494,
    0.2499774545431137,
    0.1966801881790161,
    0.23932059109210968,
    0.19948424398899078
  ],
  "accuracy": [
    0.25999999046325684,
    0.3720000088214874,
    0.4320000112056732,
    0.5899999737739563,
    0.6480000019073486,
    0.7020000219345093,
    0.7059999704360962,
    0.7419999837875366,
    0.7879999876022339,
    0.8199999928474426,
    0.7960000038146973,
    0.8240000009536743,
    0.7919999957084656,
    0.8240000009536743,
    0.8539999723434448,
    0.8159999847412109,
    0.8379999995231628,
    0.8299999833106995,
    0.8659999966621399,
    0.878000020980835,
    0.843999981880188,
    0.8700000047683716,
    0.8759999871253967,
    0.906000018119812,
    0.8759999871253967,
    0.8939999938011169,
    0.8859999775886536,
    0.9139999747276306,
    0.8759999871253967,
    0.8880000114440918,
    0.9020000100135803,
    0.9279999732971191,
    0.9160000085830688,
    0.8980000019073486,
    0.9179999828338623,
    0.9359999895095825,
    0.9079999923706055,
    0.9300000071525574,
    0.8999999761581421,
    0.9319999814033508,
    0.9079999923706055,
    0.8820000290870667,
    0.9440000057220459,
    0.9340000152587891,
    0.9200000166893005,
    0.9399999976158142,
    0.9160000085830688,
    0.921999990940094,
    0.9520000219345093,
    0.9120000004768372,
    0.9459999799728394,
    0.8840000033378601,
    0.9139999747276306,
    0.9340000152587891,
    0.949999988079071,
    0.9319999814033508,
    0.9399999976158142,
    0.9100000262260437,
    0.9559999704360962,
    0.9380000233650208,
    0.9160000085830688,
    0.9380000233650208,
    0.9319999814033508,
    0.9520000219345093,
    0.9380000233650208,
    0.9340000152587891,
    0.9419999718666077,
    0.9440000057220459,
    0.9300000071525574,
    0.9120000004768372,
    0.9440000057220459,
    0.9160000085830688,
    0.9440000057220459
  ],
  "val_loss": [
    1.1190752983093262,
    1.0196330547332764,
    0.8570854663848877,
    0.8323201537132263,
    0.7070404291152954,
    0.6832299828529358,
    0.6074106097221375,
    0.5904741883277893,
    0.5452308654785156,
    0.47154349088668823,
    0.5027734637260437,
    0.5314413905143738,
    0.44400128722190857,
    0.5029188990592957,
    0.5394428372383118,
    0.47343435883522034,
    0.5118456482887268,
    0.4530203640460968,
    0.5011075139045715,
    0.53005051612854,
    0.45115017890930176,
    0.3981131613254547,
    0.46233901381492615,
    0.45163413882255554,
    0.4766849875450134,
    0.48758044838905334,
    0.4707117974758148,
    0.5219911932945251,
    0.4741426706314087,
    0.5065257549285889,
    0.4461696743965149,
    0.46345996856689453,
    0.45677706599235535,
    0.4300398528575897,
    0.44109657406806946,
    0.47152790427207947,
    0.44288933277130127,
    0.40917450189590454,
    0.4185566008090973,
    0.38617104291915894,
    0.3851887881755829,
    0.39294150471687317,
    0.43315038084983826,
    0.38996684551239014,
    0.3848159909248352,
    0.3850095868110657,
    0.40749362111091614,
    0.3610822260379791,
    0.3743261396884918,
    0.41060855984687805,
    0.38291341066360474,
    0.3988291621208191,
    0.41186535358428955,
    0.41261565685272217,
    0.39899742603302,
    0.4233921468257904,
    0.4039594531059265,
    0.4173332452774048,
    0.4158770740032196,
    0.4489210546016693,
    0.4337746500968933,
    0.4093223214149475,
    0.39639317989349365,
    0.3877003490924835,
    0.38849663734436035,
    0.3990020453929901,
    0.4036622941493988,
    0.4060576558113098,
    0.4070131778717041,
    0.40661853551864624,
    0.4043211340904236,
    0.39758291840553284,
    0.4010937809944153
  ],
  "val_accuracy": [
    0.3700000047683716,
    0.44999998807907104,
    0.6200000047683716,
    0.5699999928474426,
    0.6399999856948853,
    0.6299999952316284,
    0.6399999856948853,
    0.6299999952316284,
    0.6800000071525574,
    0.6499999761581421,
    0.6399999856948853,
    0.6399999856948853,
    0.699999988079071,
    0.6499999761581421,
    0.6600000262260437,
    0.6800000071525574,
    0.6399999856948853,
    0.7200000286102295,
    0.6499999761581421,
    0.6499999761581421,
    0.6899999976158142,
    0.7300000190734863,
    0.6899999976158142,
    0.7200000286102295,
    0.6899999976158142,
    0.6800000071525574,
    0.6899999976158142,
    0.6899999976158142,
    0.6899999976158142,
    0.6399999856948853,
    0.699999988079071,
    0.6800000071525574,
    0.7200000286102295,
    0.7799999713897705,
    0.7599999904632568,
    0.7300000190734863,
    0.7200000286102295,
    0.7599999904632568,
    0.7300000190734863,
    0.7699999809265137,
    0.7699999809265137,
    0.7699999809265137,
    0.7200000286102295,
    0.7799999713897705,
    0.7900000214576721,
    0.7599999904632568,
    0.7400000095367432,
    0.800000011920929,
    0.7900000214576721,
    0.7599999904632568,
    0.800000011920929,
    0.7699999809265137,
    0.7699999809265137,
    0.75,
    0.7799999713897705,
    0.7599999904632568,
    0.7799999713897705,
    0.7699999809265137,
    0.7599999904632568,
    0.7200000286102295,
    0.75,
    0.7799999713897705,
    0.7799999713897705,
    0.7900000214576721,
    0.800000011920929,
    0.7900000214576721,
    0.7799999713897705,
    0.7799999713897705,
    0.7799999713897705,
    0.7799999713897705,
    0.7799999713897705,
    0.7799999713897705,
    0.7799999713897705
  ],