{
  "loss": [
    1.332405924797058,
    1.183891773223877,
    1.060311198234558,
    0.874068021774292,
    0.7296577095985413,
    0.6045715808868408,
    0.6209539771080017,
    0.5286139845848083,
    0.45030468702316284,
    0.4153929650783539,
    0.3888881504535675,
    0.44839024543762207,
    0.3543957769870758,
    0.3740178942680359,
    0.3492402136325836,
    0.30528882145881653,
    0.3115232586860657,
    0.29157379269599915,
    0.35370227694511414,
    0.43303021788597107,
    0.2637558877468109,
    0.2701364755630493,
    0.4050430953502655,
    0.30011555552482605,
    0.2538546621799469,
    0.31789344549179077,
    0.24755384027957916,
    0.36307546496391296,
    0.34173306822776794,
    0.2753094434738159,
    0.23698605597019196,
    0.2748430073261261,
    0.2350483536720276,
    0.2484620213508606,
    0.2610107958316803,
    0.23344798386096954,
    0.2361927479505539,
    0.19995440542697906,
    0.24428927898406982,
    0.21536622941493988,
    0.26007330417633057,
    0.2237418293952942,
    0.24191968142986298,
    0.31136637926101685,
    0.22158268094062805,
    0.24436190724372864,
    0.2813245356082916,
    0.34853434562683105,
    0.26885131001472473,
    0.22092562913894653,
    0.30869433283805847,
    0.24693380296230316,
    0.3047005832195282,
    0.24371398985385895,
    0.2403017282485962,
    0.23059509694576263,
    0.23087121546268463,
    0.25787273049354553,
    0.21976716816425323,
    0.2175946980714798,
    0.33041366934776306,
    0.3341737985610962,
    0.2297368347644806,
    0.29331251978874207,
    0.237168550491333,
    0.23385605216026306,
    0.2349681705236435,
    0.2157561182975769,
    0.2079620510339737,
    0.35137397050857544,
    0.31006699800491333,
    0.29511940479278564,
    0.3136375844478607,
    0.2842850983142853,
    0.24566876888275146,
    0.31821224093437195,
    0.24094554781913757,
    0.28263407945632935,
    0.2727203667163849,
    0.23167872428894043,
    0.20577767491340637,
    0.19228999316692352,
    0.21757195889949799
  ],
  "accuracy": [
    0.20999999344348907,
    0.3659999966621399,
    0.45399999618530273,
    0.5839999914169312,
    0.6660000085830688,
    0.7179999947547913,
    0.7020000219345093,
    0.7739999890327454,
    0.7860000133514404,
    0.8119999766349792,
    0.8360000252723694,
    0.7940000295639038,
    0.8539999723434448,
    0.8259999752044678,
    0.8500000238418579,
    0.8679999709129333,
    0.8539999723434448,
    0.8679999709129333,
    0.8640000224113464,
    0.8159999847412109,
    0.8999999761581421,
    0.9020000100135803,
    0.8600000143051147,
    0.8980000019073486,
    0.9079999923706055,
    0.878000020980835,
    0.9200000166893005,
    0.8339999914169312,
    0.8560000061988831,
    0.8939999938011169,
    0.9340000152587891,
    0.8899999856948853,
    0.9179999828338623,
    0.906000018119812,
    0.8820000290870667,
    0.9100000262260437,
    0.9200000166893005,
    0.9300000071525574,
    0.9139999747276306,
    0.9179999828338623,
    0.906000018119812,
    0.9120000004768372,
    0.9039999842643738,
    0.8799999952316284,
    0.8999999761581421,
    0.9100000262260437,
    0.8939999938011169,
    0.8899999856948853,
    0.9020000100135803,
    0.921999990940094,
    0.871999979019165,
    0.9200000166893005,
    0.8859999775886536,
    0.9139999747276306,
    0.9139999747276306,
    0.9200000166893005,
    0.8980000019073486,
    0.9139999747276306,
    0.921999990940094,
    0.9240000247955322,
    0.8659999966621399,
    0.8519999980926514,
    0.9160000085830688,
    0.9039999842643738,
    0.9240000247955322,
    0.9179999828338623,
    0.921999990940094,
    0.9200000166893005,
    0.9399999976158142,
    0.8539999723434448,
    0.8740000128746033,
    0.8759999871253967,
    0.8679999709129333,
    0.8880000114440918,
    0.9079999923706055,
    0.8840000033378601,
    0.8999999761581421,
    0.9039999842643738,
    0.8899999856948853,
    0.9200000166893005,
    0.9300000071525574,
    0.9440000057220459,
    0.9039999842643738
  ],
  "val_loss": [
    1.3049033880233765,
    1.2751805782318115,
    1.2382733821868896,
    1.1791417598724365,
    1.1123515367507935,
    1.0874574184417725,
    1.0411323308944702,
    0.9858864545822144,
    0.9503843784332275,
    0.9084824919700623,
    0.9144632816314697,
    0.8800182938575745,
    0.8399105072021484,
    0.8580986261367798,
    0.899671196937561,
    0.8788506388664246,
    0.8611306548118591,
    0.8395460247993469,
    0.9048704504966736,
    0.8886789083480835,
    0.9159587621688843,
    0.9021700024604797,
    0.9134548306465149,
    0.9554884433746338,
    0.9463275074958801,
    0.9168371558189392,
    0.9048860669136047,
    0.935407280921936,
    0.9454174637794495,
    0.9589169025421143,
    0.9604509472846985,
    0.9492372274398804,
    0.9315872192382812,
    0.9403799176216125,
    0.9407064914703369,
    0.97332763671875,
    1.0031949281692505,
    1.0108662843704224,
    1.0111069679260254,
    1.008592963218689,
    1.0008021593093872,
    1.0015366077423096,
    1.0215845108032227,
    1.0326389074325562,
    1.0345367193222046,
    1.0349245071411133,
    1.038478970527649,
    1.0558533668518066,
    1.0725346803665161,
    1.0855423212051392,
    1.0889904499053955,
    1.0916858911514282,
    1.0939522981643677,
    1.0905756950378418,
    1.0910437107086182,
    1.090928554534912,
    1.0861601829528809,
    1.08469820022583,
    1.0835213661193848,
    1.085815191268921,
    1.0897314548492432,
    1.0947964191436768,
    1.0996391773223877,
    1.1034278869628906,
    1.1035301685333252,
    1.1019513607025146,
    1.1001074314117432,
    1.0982791185379028,
    1.0991096496582031,
    1.1006858348846436,
    1.1023530960083008,
    1.1054574251174927,
    1.108019232749939,
    1.1118806600570679,
    1.1131740808486938,
    1.113100528717041,
    1.1117308139801025,
    1.1121946573257446,
    1.1125340461730957,
    1.113270878791809,
    1.113084077835083,
    1.1121337413787842,
    1.1122491359710693
  ],