{
  "0": {
    "precision": 0.9375,
    "recall": 0.75,
    "f1-score": 0.8333333333333334,
    "support": 20.0
  },
  "1": {
    "precision": 0.95,
    "recall": 0.95,
    "f1-score": 0.9500000000000001,
    "support": 20.0
  },
  "2": {
    "precision": 0.8695652173913043,
    "recall": 1.0,
    "f1-score": 0.9302325581395349,
    "support": 20.0
  },
  "3": {
    "precision": 0.0,
    "recall": 0.0,
    "f1-score": 0.0,
    "support": 20.0
  },
  "4": {
    "precision": 0.4878048780487805,
    "recall": 1.0,
    "f1-score": 0.6557377049180327,
    "support": 20.0
  },
  "accuracy": 0.74,
  "macro avg": {
    "precision": 0.648974019088017,
    "recall": 0.74,
    "f1-score": 0.6738607192781803,
    "support": 100.0
  },
  "weighted avg": {
    "precision": 0.648974019088017,
    "recall": 0.74,
    "f1-score": 0.6738607192781803,
    "support": 100.0
  }
}