{
  "loss": [
    1.4112050533294678,
    1.2331000566482544,
    1.0355896949768066,
    0.8245730400085449,
    0.7330464124679565,
    0.636593222618103,
    0.49619561433792114,
    0.4767703413963318,
    0.4283973276615143,
    0.4083435833454132,
    0.39609572291374207,
    0.35936498641967773,
    0.40243595838546753,
    0.3225816786289215,
    0.324407160282135,
    0.2720533609390259,
    0.3342953622341156,
    0.33383744955062866,
    0.3226315677165985,
    0.27257564663887024,
    0.2688039243221283,
    0.2966783046722412,
    0.2653573751449585,
    0.29399529099464417,
    0.2994048595428467,
    0.3422161936759949,
    0.3000577688217163,
    0.25973185896873474,
    0.27876150608062744,
    0.2584051787853241,
    0.25858426094055176,
    0.22163745760917664,
    0.28868910670280457,
    0.24933364987373352,
    0.2641215920448303,
    0.2502809762954712,
    0.22840315103530884,
    0.20057761669158936,
    0.2559131681919098,
    0.2029954046010971,
    0.2085477113723755,
    0.2712115943431854,
    0.25605645775794983,
    0.28406503796577454,
    0.2058642953634262,
    0.2080252766609192,
    0.28673040866851807,
    0.24222451448440552,
    0.22153359651565552,
    0.24829496443271637,
    0.24608907103538513,
    0.21149727702140808,
    0.23603208363056183
  ],
  "accuracy": [
    0.23000000417232513,
    0.3199999928474426,
    0.39800000190734863,
    0.5260000228881836,
    0.6380000114440918,
    0.671999990940094,
    0.7200000286102295,
    0.7720000147819519,
    0.800000011920929,
    0.7940000295639038,
    0.8119999766349792,
    0.8379999995231628,
    0.8100000023841858,
    0.8379999995231628,
    0.8420000076293945,
    0.8679999709129333,
    0.8399999737739563,
    0.843999981880188,
    0.8519999980926514,
    0.8799999952316284,
    0.8999999761581421,
    0.878000020980835,
    0.8859999775886536,
    0.8880000114440918,
    0.8619999885559082,
    0.8479999899864197,
    0.8799999952316284,
    0.9020000100135803,
    0.8899999856948853,
    0.8939999938011169,
    0.9039999842643738,
    0.9259999990463257,
    0.8859999775886536,
    0.906000018119812,
    0.8939999938011169,
    0.9160000085830688,
    0.9300000071525574,
    0.9300000071525574,
    0.8899999856948853,
    0.9340000152587891,
    0.9359999895095825,
    0.8999999761581421,
    0.9020000100135803,
    0.9039999842643738,
    0.9359999895095825,
    0.9300000071525574,
    0.8880000114440918,
    0.8999999761581421,
    0.9340000152587891,
    0.8899999856948853,
    0.9139999747276306,
    0.9179999828338623,
    0.9079999923706055
  ],
  "val_loss": [
    1.1707497835159302,
    1.076539397239685,
    1.0167803764343262,
    0.9339630603790283,
    0.9384933710098267,
    0.7893145084381104,
    0.7382874488830566,
    0.7538602948188782,
    0.7156975269317627,
    0.6712241172790527,
    0.6517227292060852,
    0.6328788995742798,
    0.7192747592926025,
    0.7013857960700989,
    0.6864436864852905,
    0.8019288778305054,
    0.8221973180770874,
    0.8721814155578613,
    0.8240081071853638,
    0.7032212018966675,
    0.8145765662193298,
    0.7967091202735901,
    0.9014712572097778,
    0.9222627282142639,
    0.8590812683105469,
    0.8751785755157471,
    0.9869557023048401,
    0.9104898571968079,
    0.935454785823822,
    0.9978334903717041,
    0.965798020362854,
    0.9856806993484497,
    0.8999177813529968,
    0.9954938292503357,
    1.0342960357666016,
    1.063289761543274,
    1.0479589700698853,
    1.107547640800476,
    1.115959882736206,
    1.0112510919570923,
    0.9590405225753784,
    0.9581907391548157,
    0.9420647621154785,
    0.989942193031311,
    1.0232352018356323,
    1.0546481609344482,
    1.0596909523010254,
    1.0659629106521606,
    1.0698614120483398,
    1.0579017400741577,
    1.0463285446166992,
    1.0199253559112549,
    1.0316351652145386
  ],
  "val_accuracy": [
    0.4000000059604645,
    0.4399999976158142,
    0.41999998688697815,
    0.47999998927116394,
    0.4099999964237213,
    0.5699999928474426,
    0.6000000238418579,
    0.5799999833106995,
    0.6000000238418579,
    0.6499999761581421,
    0.6499999761581421,
    0.6499999761581421,
    0.7099999785423279,
    0.7200000286102295,
    0.699999988079071,
    0.6800000071525574,
    0.6600000262260437,
    0.7099999785423279,
    0.699999988079071,
    0.699999988079071,
    0.699999988079071,
    0.7099999785423279,
    0.699999988079071,
    0.6899999976158142,
    0.7300000190734863,
    0.7300000190734863,
    0.7099999785423279,
    0.7400000095367432,
    0.7200000286102295,
    0.7300000190734863,
    0.7099999785423279,
    0.6899999976158142,
    0.7200000286102295,
    0.6899999976158142,
    0.6800000071525574,
    0.6700000166893005,
    0.6800000071525574,
    0.6800000071525574,
    0.6800000071525574,
    0.699999988079071,
    0.7200000286102295,
    0.7200000286102295,
    0.7200000286102295,
    0.7099999785423279,
    0.699999988079071,
    0.6899999976158142,
    0.6899999976158142,
    0.6899999976158142,
    0.6899999976158142,
    0.6899999976158142,
    0.6899999976158142,
    0.7099999785423279,
    0.7099999785423279
  ],
  "lr": [
    9.999999747378752e-05,
    9.999999747378752e-05,
    9.999999747378752e-05,
    9.999999747378752e-05,
    9.999999747378752e-05,
    9.999999747378752e-05,
    9.999999747378752e-05,
    9.999999747378752e-05,
    9.999999747378752e-05,
    9.999999747378752e-05,
    9.999999747378752e-05,
    9.999999747378752e-05,
    9.999999747378752e-05,
    9.999999747378752e-05,
    9.999999747378752e-05,
    9.999999747378752e-05,
    9.999999747378752e-05,
    9.999999747378752e-05,
    9.999999747378752e-05,
    9.999999747378752e-05,
    4.999999873689376e-05,
    4.999999873689376e-05,
    4.999999873689376e-05,
    4.999999873689376e-05,
    4.999999873689376e-05,
    4.999999873689376e-05,
    4.999999873689376e-05,
    4.999999873689376e-05,
    4.999999873689376e-05,
    4.999999873689376e-05,
    4.999999873689376e-05,
    4.999999873689376e-05,
    4.999999873689376e-05,
    4.999999873689376e-05,
    2.499999936844688e-05,
    2.499999936844688e-05,
    2.499999936844688e-05,
    2.499999936844688e-05,
    2.499999936844688e-05,
    2.499999936844688e-05,
    1.249999968422344e-05,
    1.249999968422344e-05,
    1.249999968422344e-05,
    1.249999968422344e-05,
    1.249999968422344e-05,
    1.249999968422344e-05,
    6.24999984211172e-06,
    6.24999984211172e-06,
    6.24999984211172e-06,
    6.24999984211172e-06,
    6.24999984211172e-06,
    6.24999984211172e-06,
    3.12499992105586e-06
  ]
}