{
  "loss": [
    1.7703514099121094,
    1.3845443725585938,
    1.0862436294555664,
    0.8694877624511719,
    0.861037015914917,
    0.9251269698143005,
    1.0686684846878052,
    0.8260182738304138,
    0.8361170291900635,
    0.8201059103012085,
    0.7361063957214355,
    0.8327799439430237,
    0.7792845368385315,
    0.665608823299408,
    0.698948085308075,
    0.6234330534934998,
    0.8109226226806641,
    0.7421547174453735,
    0.6179831027984619,
    0.6679638028144836,
    0.7310342192649841,
    0.7398762702941895,
    0.5409225225448608,
    0.8150237798690796,
    0.7192405462265015,
    0.8484402298927307,
    0.7359077334403992,
    0.5640430450439453,
    0.672828733921051,
    0.856809139251709,
    0.7351719737052917,
    0.6558680534362793,
    0.6720866560935974,
    0.49514615535736084,
    0.8493773937225342,
    0.659786581993103
  ],
  "accuracy": [
    0.30250000953674316,
    0.5074999928474426,
    0.6200000047683716,
    0.7549999952316284,
    0.8199999928474426,
    0.8224999904632568,
    0.7875000238418579,
    0.8475000262260437,
    0.8450000286102295,
    0.8650000095367432,
    0.9125000238418579,
    0.8824999928474426,
    0.8949999809265137,
    0.9125000238418579,
    0.8799999952316284,
    0.9424999952316284,
    0.8700000047683716,
    0.9375,
    0.9200000166893005,
    0.9399999976158142,
    0.9375,
    0.9350000023841858,
    0.9524999856948853,
    0.9325000047683716,
    0.9300000071525574,
    0.9449999928474426,
    0.8349999785423279,
    0.9424999952316284,
    0.9225000143051147,
    0.8025000095367432,
    0.8675000071525574,
    0.9624999761581421,
    0.8999999761581421,
    0.9850000143051147,
    0.875,
    0.9624999761581421
  ],
  "val_loss": [
    1.1120747327804565,
    0.7325707077980042,
    0.6307996511459351,
    0.6047581434249878,
    0.6010031700134277,
    0.5208860635757446,
    0.5532808899879456,
    0.43824031949043274,
    0.4120143949985504,
    0.3851792514324188,
    0.3679298460483551,
    0.398487389087677,
    0.39266449213027954,
    0.45533287525177,
    0.3689256012439728,
    0.37418898940086365,
    0.3961107134819031,
    0.36004069447517395,
    0.39879825711250305,
    0.42298224568367004,
    0.4327060580253601,
    0.42471739649772644,
    0.3953801095485687,
    0.40111681818962097,
    0.42235779762268066,
    0.44949740171432495,
    0.4653005301952362,
    0.44662266969680786,
    0.42905357480049133,
    0.4290352165699005,
    0.4379289150238037,
    0.4387502670288086,
    0.42999523878097534,
    0.4416810870170593,
    0.44822531938552856,
    0.4494525194168091
  ],
  "val_accuracy": [
    0.6700000166893005,
    0.8600000143051147,
    0.8500000238418579,
    0.8299999833106995,
    0.8100000023841858,
    0.9100000262260437,
    0.8999999761581421,
    0.9399999976158142,
    0.949999988079071,
    0.9599999785423279,
    0.9700000286102295,
    0.9300000071525574,
    0.9399999976158142,
    0.8799999952316284,
    0.9300000071525574,
    0.949999988079071,
    0.9399999976158142,
    0.949999988079071,
    0.9300000071525574,
    0.9200000166893005,
    0.9200000166893005,
    0.9300000071525574,
    0.9300000071525574,
    0.9200000166893005,
    0.9200000166893005,
    0.9200000166893005,
    0.9200000166893005,
    0.9200000166893005,
    0.9200000166893005,
    0.9200000166893005,
    0.9300000071525574,
    0.9300000071525574,
    0.9300000071525574,
    0.9200000166893005,
    0.9200000166893005,
    0.9200000166893005
  ],
  "lr": [
    0.0003000000142492354,
    0.0003000000142492354,
    0.0003000000142492354,
    0.0003000000142492354,
    0.0003000000142492354,
    0.0003000000142492354,
    0.0003000000142492354,
    0.0003000000142492354,
    0.0003000000142492354,
    0.0003000000142492354,
    0.0003000000142492354,
    0.0003000000142492354,
    0.0003000000142492354,
    0.0003000000142492354,
    0.0003000000142492354,
    0.0003000000142492354,
    0.0003000000142492354,
    0.0001500000071246177,
    0.0001500000071246177,
    0.0001500000071246177,
    0.0001500000071246177,
    0.0001500000071246177,
    0.0001500000071246177,
    7.500000356230885e-05,
    7.500000356230885e-05,
    7.500000356230885e-05,
    7.500000356230885e-05,
    7.500000356230885e-05,
    7.500000356230885e-05,
    3.7500001781154424e-05,
    3.7500001781154424e-05,
    3.7500001781154424e-05,
    3.7500001781154424e-05,
    3.7500001781154424e-05,
    3.7500001781154424e-05,
    1.8750000890577212e-05
  ]
}