{
  "loss": [
    1.466727375984192,
    1.2260087728500366,
    1.0110583305358887,
    0.909909188747406,
    0.7441089749336243,
    0.6444544196128845,
    0.6120065450668335,
    0.5623196363449097,
    0.4521120488643646,
    0.46495676040649414,
    0.384611576795578,
    0.45003563165664673,
    0.4292500615119934,
    0.37404558062553406,
    0.34300997853279114,
    0.35235607624053955,
    0.37865692377090454,
    0.30734938383102417,
    0.3562266230583191,
    0.34862232208251953,
    0.3154108226299286,
    0.3610059320926666,
    0.28075602650642395,
    0.2984797954559326,
    0.35700294375419617,
    0.36071163415908813,
    0.36414963006973267,
    0.24403928220272064,
    0.3067561984062195,
    0.31621888279914856,
    0.3544178307056427,
    0.2621265649795532
  ],
  "accuracy": [
    0.21799999475479126,
    0.2980000078678131,
    0.4320000112056732,
    0.527999997138977,
    0.621999979019165,
    0.671999990940094,
    0.6940000057220459,
    0.7099999785423279,
    0.7839999794960022,
    0.7799999713897705,
    0.8119999766349792,
    0.7860000133514404,
    0.8040000200271606,
    0.8339999914169312,
    0.8399999737739563,
    0.843999981880188,
    0.8360000252723694,
    0.8740000128746033,
    0.8460000157356262,
    0.8420000076293945,
    0.8600000143051147,
    0.8460000157356262,
    0.8980000019073486,
    0.8700000047683716,
    0.8420000076293945,
    0.8379999995231628,
    0.8220000267028809,
    0.9100000262260437,
    0.8960000276565552,
    0.8619999885559082,
    0.8560000061988831,
    0.8880000114440918
  ],
  "val_loss": [
    1.2956633567810059,
    1.191558599472046,
    1.1175004243850708,
    0.9819357395172119,
    0.8064501881599426,
    0.6557876467704773,
    0.6012957692146301,
    0.610974133014679,
    0.5795594453811646,
    0.6778480410575867,
    0.725553035736084,
    0.6519827246665955,
    0.7684837579727173,
    0.7129456996917725,
    0.7299646139144897,
    0.828690767288208,
    0.7637449502944946,
    0.7659547924995422,
    0.8440158367156982,
    0.8051686882972717,
    0.7543067932128906,
    0.793210506439209,
    0.7965956926345825,
    0.846697986125946,
    0.8597292304039001,
    0.8231204748153687,
    0.8006288409233093,
    0.8004204630851746,
    0.7860041260719299,
    0.8069337606430054,
    0.8129653930664062,
    0.7981764078140259
  ],
  "val_accuracy": [
    0.1899999976158142,
    0.25,
    0.28999999165534973,
    0.4099999964237213,
    0.6200000047683716,
    0.6100000143051147,
    0.6800000071525574,
    0.6299999952316284,
    0.6399999856948853,
    0.6299999952316284,
    0.5799999833106995,
    0.6299999952316284,
    0.6000000238418579,
    0.5899999737739563,
    0.6399999856948853,
    0.6200000047683716,
    0.6299999952316284,
    0.6299999952316284,
    0.6299999952316284,
    0.6299999952316284,
    0.6499999761581421,
    0.6399999856948853,
    0.6399999856948853,
    0.6399999856948853,
    0.6200000047683716,
    0.6200000047683716,
    0.6299999952316284,
    0.6200000047683716,
    0.6399999856948853,
    0.6299999952316284,
    0.6399999856948853,
    0.6499999761581421
  ],
  "lr": [
    9.999999747378752e-05,
    9.999999747378752e-05,
    9.999999747378752e-05,
    9.999999747378752e-05,
    9.999999747378752e-05,
    9.999999747378752e-05,
    9.999999747378752e-05,
    9.999999747378752e-05,
    9.999999747378752e-05,
    9.999999747378752e-05,
    9.999999747378752e-05,
    9.999999747378752e-05,
    9.999999747378752e-05,
    4.999999873689376e-05,
    4.999999873689376e-05,
    4.999999873689376e-05,
    4.999999873689376e-05,
    4.999999873689376e-05,
    4.999999873689376e-05,
    2.499999936844688e-05,
    2.499999936844688e-05,
    2.499999936844688e-05,
    2.499999936844688e-05,
    2.499999936844688e-05,
    2.499999936844688e-05,
    1.249999968422344e-05,
    1.249999968422344e-05,
    1.249999968422344e-05,
    1.249999968422344e-05,
    1.249999968422344e-05,
    1.249999968422344e-05,
    6.24999984211172e-06
  ]
}