{
  "0": {
    "precision": 0.8333333333333334,
    "recall": 0.5,
    "f1-score": 0.625,
    "support": 20.0
  },
  "1": {
    "precision": 1.0,
    "recall": 1.0,
    "f1-score": 1.0,
    "support": 20.0
  },
  "2": {
    "precision": 0.6538461538461539,
    "recall": 0.85,
    "f1-score": 0.7391304347826088,
    "support": 20.0
  },
  "3": {
    "precision": 0.9285714285714286,
    "recall": 0.65,
    "f1-score": 0.7647058823529412,
    "support": 20.0
  },
  "4": {
    "precision": 0.7142857142857143,
    "recall": 1.0,
    "f1-score": 0.8333333333333333,
    "support": 20.0
  },
  "accuracy": 0.8,
  "macro avg": {
    "precision": 0.8260073260073261,
    "recall": 0.8,
    "f1-score": 0.7924339300937767,
    "support": 100.0
  },
  "weighted avg": {
    "precision": 0.8260073260073262,
    "recall": 0.8,
    "f1-score": 0.7924339300937766,
    "support": 100.0
  }
}