{
  "loss": [
    1.30430269241333,
    1.207948088645935,
    1.1183429956436157,
    0.969765841960907,
    0.824881374835968,
    0.6765559911727905,
    0.616853654384613,
    0.5378051996231079,
    0.4838910400867462,
    0.44700944423675537,
    0.4765867292881012,
    0.40863412618637085,
    0.3675149083137512,
    0.3966030478477478,
    0.3447485566139221,
    0.39412471652030945,
    0.3793383836746216,
    0.32831624150276184,
    0.3507980406284332,
    0.30050763487815857,
    0.3195563852787018,
    0.3493747115135193,
    0.2958930730819702,
    0.38397884368896484,
    0.36011165380477905,
    0.29616984724998474,
    0.33842021226882935,
    0.39042434096336365,
    0.35891497135162354,
    0.31116077303886414,
    0.31366264820098877,
    0.4176159203052521,
    0.2853090167045593,
    0.2787286043167114,
    0.26653432846069336,
    0.29999294877052307,
    0.2876493036746979,
    0.32171034812927246,
    0.29766595363616943,
    0.26752379536628723,
    0.3157193660736084,
    0.3110816478729248,
    0.3193158805370331,
    0.27570870518684387,
    0.2825087010860443,
    0.3245883285999298,
    0.31069520115852356,
    0.3502677381038666,
    0.3247428834438324,
    0.35849979519844055,
    0.3026166260242462,
    0.31297552585601807,
    0.3657236099243164,
    0.2868248522281647,
    0.35331660509109497,
    0.3222997188568115,
    0.3292906582355499,
    0.30926358699798584,
    0.2748834490776062,
    0.3511430621147156,
    0.28613385558128357,
    0.3794940710067749,
    0.30689874291419983,
    0.3279329538345337,
    0.3216747045516968,
    0.42292264103889465,
    0.3937033712863922,
    0.29455673694610596,
    0.32185205817222595,
    0.3400021195411682,
    0.3614068031311035,
    0.3693374991416931,
    0.3419308066368103,
    0.3107255697250366,
    0.29198166728019714,
    0.34379974007606506,
    0.3564417362213135,
    0.26997414231300354,
    0.29324182868003845,
    0.42184174060821533,
    0.33887961506843567,
    0.29370635747909546,
    0.275253027677536,
    0.2922110855579376,
    0.42383113503456116,
    0.4247373044490814,
    0.30244386196136475,
    0.3160981237888336,
    0.2733389139175415,
    0.29610127210617065,
    0.2756490707397461,
    0.3214864432811737,
    0.5332639813423157,
    0.26439368724823,
    0.3066239655017853,
    0.3154560327529907,
    0.33654314279556274
  ],
  "accuracy": [
    0.23999999463558197,
    0.33000001311302185,
    0.3959999978542328,
    0.5180000066757202,
    0.6179999709129333,
    0.6880000233650208,
    0.7039999961853027,
    0.7440000176429749,
    0.7459999918937683,
    0.7879999876022339,
    0.7580000162124634,
    0.8159999847412109,
    0.8519999980926514,
    0.8119999766349792,
    0.8560000061988831,
    0.8259999752044678,
    0.8640000224113464,
    0.8519999980926514,
    0.8619999885559082,
    0.8619999885559082,
    0.8679999709129333,
    0.8539999723434448,
    0.8899999856948853,
    0.843999981880188,
    0.8360000252723694,
    0.8560000061988831,
    0.8379999995231628,
    0.8420000076293945,
    0.8539999723434448,
    0.8619999885559082,
    0.8820000290870667,
    0.8180000185966492,
    0.871999979019165,
    0.8740000128746033,
    0.8740000128746033,
    0.878000020980835,
    0.8880000114440918,
    0.871999979019165,
    0.8859999775886536,
    0.8899999856948853,
    0.8880000114440918,
    0.8560000061988831,
    0.8640000224113464,
    0.8740000128746033,
    0.8960000276565552,
    0.8659999966621399,
    0.8619999885559082,
    0.8640000224113464,
    0.8579999804496765,
    0.843999981880188,
    0.8619999885559082,
    0.8659999966621399,
    0.8320000171661377,
    0.8799999952316284,
    0.8539999723434448,
    0.8740000128746033,
    0.8600000143051147,
    0.8759999871253967,
    0.8939999938011169,
    0.8740000128746033,
    0.8759999871253967,
    0.8519999980926514,
    0.8579999804496765,
    0.8519999980926514,
    0.8640000224113464,
    0.8140000104904175,
    0.8360000252723694,
    0.8700000047683716,
    0.8759999871253967,
    0.8659999966621399,
    0.8320000171661377,
    0.8460000157356262,
    0.8299999833106995,
    0.8619999885559082,
    0.8759999871253967,
    0.8479999899864197,
    0.8700000047683716,
    0.8920000195503235,
    0.8619999885559082,
    0.828000009059906,
    0.8560000061988831,
    0.8700000047683716,
    0.8820000290870667,
    0.8880000114440918,
    0.800000011920929,
    0.8240000009536743,
    0.8880000114440918,
    0.8700000047683716,
    0.9039999842643738,
    0.8899999856948853,
    0.9020000100135803,
    0.8679999709129333,
    0.7580000162124634,
    0.9079999923706055,
    0.8740000128746033,
    0.8600000143051147,
    0.8659999966621399
  ],
  "val_loss": [
    1.2883752584457397,
    1.2666137218475342,
    1.2338926792144775,
    1.178911805152893,
    1.1024783849716187,
    1.015999674797058,
    0.9248887896537781,
    0.8604001402854919,
    0.8214442729949951,
    0.8177047967910767,
    0.8475780487060547,
    0.8049755692481995,
    0.7765977382659912,
    0.7705065011978149,
    0.7518815398216248,
    0.7812906503677368,
    0.6998608112335205,
    0.7152031660079956,
    0.7736473083496094,
    0.7386326789855957,
    0.6648561358451843,
    0.6583576798439026,
    0.6901831030845642,
    0.6787681579589844,
    0.6767314076423645,
    0.6594383120536804,
    0.6293332576751709,
    0.6111575961112976,
    0.5973630547523499,
    0.5902693271636963,
    0.580024778842926,
    0.5717037320137024,
    0.5646843910217285,
    0.5544632077217102,
    0.5515096783638,
    0.5480107665061951,
    0.5420966148376465,
    0.536278247833252,
    0.5313176512718201,
    0.5256221294403076,
    0.5208116769790649,
    0.5186890959739685,
    0.5174128413200378,
    0.5156936049461365,
    0.513577401638031,
    0.5116147398948669,
    0.5102286338806152,
    0.5096260905265808,
    0.5086203217506409,
    0.5073978900909424,
    0.5069069862365723,
    0.5062719583511353,
    0.5063260197639465,
    0.5062956809997559,
    0.5055075883865356,
    0.5051579475402832,
    0.5053867101669312,
    0.5052501559257507,
    0.5050469636917114,
    0.5044060349464417,
    0.5041612982749939,
    0.5042502880096436,
    0.5031454563140869,
    0.5023043155670166,
    0.5026837587356567,
    0.5024480223655701,
    0.5031031966209412,
    0.5035669207572937,
    0.5034082531929016,
    0.5032719969749451,
    0.5038018226623535,
    0.5036752223968506,
    0.5037412047386169,
    0.5036911368370056,
    0.5031378269195557,
    0.5026645660400391,
    0.5020691752433777,
    0.5012242197990417,
    0.5010799169540405,
    0.5018103122711182,
    0.5022251009941101,
    0.5023364424705505,
    0.5022616386413574,
    0.5022207498550415,
    0.5019264817237854,
    0.501538097858429,
    0.5014113783836365,
    0.5012315511703491,
    0.5009286999702454,
    0.5013784766197205,
    0.5020617842674255,
    0.5018255710601807,
    0.502406895160675,
    0.5031776428222656,
    0.5040412545204163,
    0.5036967992782593,
    0.5031645894050598
  ],